-- MySQL dump 10.13  Distrib 8.0.21, for Win64 (x86_64)
--
-- Host: localhost    Database: gameofthread
-- ------------------------------------------------------
-- Server version	8.0.21

/*!40101 SET @OLD_CHARACTER_SET_CLIENT=@@CHARACTER_SET_CLIENT */;
/*!40101 SET @OLD_CHARACTER_SET_RESULTS=@@CHARACTER_SET_RESULTS */;
/*!40101 SET @OLD_COLLATION_CONNECTION=@@COLLATION_CONNECTION */;
/*!50503 SET NAMES utf8mb4 */;
/*!40103 SET @OLD_TIME_ZONE=@@TIME_ZONE */;
/*!40103 SET TIME_ZONE='+00:00' */;
/*!40014 SET @OLD_UNIQUE_CHECKS=@@UNIQUE_CHECKS, UNIQUE_CHECKS=0 */;
/*!40014 SET @OLD_FOREIGN_KEY_CHECKS=@@FOREIGN_KEY_CHECKS, FOREIGN_KEY_CHECKS=0 */;
/*!40101 SET @OLD_SQL_MODE=@@SQL_MODE, SQL_MODE='NO_AUTO_VALUE_ON_ZERO' */;
/*!40111 SET @OLD_SQL_NOTES=@@SQL_NOTES, SQL_NOTES=0 */;

--
-- Table structure for table `confirmed`
--

DROP TABLE IF EXISTS `confirmed`;
/*!40101 SET @saved_cs_client     = @@character_set_client */;
/*!50503 SET character_set_client = utf8mb4 */;
CREATE TABLE `confirmed` (
  `patientID` int NOT NULL,
  `age` varchar(6) NOT NULL,
  `gender` varchar(6) NOT NULL,
  `location` varchar(60) NOT NULL,
  `symptoms` varchar(91) NOT NULL,
  `Ethnicity` varchar(30) DEFAULT NULL,
  PRIMARY KEY (`patientID`)
) ENGINE=InnoDB DEFAULT CHARSET=utf8mb4 COLLATE=utf8mb4_0900_ai_ci;
/*!40101 SET character_set_client = @saved_cs_client */;

--
-- Dumping data for table `confirmed`
--

LOCK TABLES `confirmed` WRITE;
/*!40000 ALTER TABLE `confirmed` DISABLE KEYS */;
INSERT INTO `confirmed` VALUES (0,'60-69','male','Yokohama','fever, severe pneumonia',NULL),(1,'20-29','male','Haneda Airport','cough, fever, sore throat',NULL),(2,'50-59','male','Yuasa-cho','fever (38 ┬░ C)',NULL),(3,'50-59','female','Yuasa-cho','37.1 ┬░ C, mild coughing',NULL),(4,'60-69','male','Yuasa-cho','cough',NULL),(5,'60-69','female','Kunming City','cough',NULL),(6,'10-19','female','Wenshan Zhuang and Miao Autonomous Prefecture','abdominal pain, pulmonary inflammation',NULL),(7,'40-49','male','Dali Prefecture','Sore throat',NULL),(8,'30-39','female','Honghe Prefecture','cough',NULL),(9,'30-39','female','Kuala Lumpur','cough, fever',NULL),(10,'40-49','male','Ma\'anshan City','fever',NULL),(11,'40-49','female','Ma\'anshan City','fever',NULL),(12,'50-59','female','Ma\'anshan City','fever',NULL),(13,'20-29','female','Kumamoto City','fever',NULL),(14,'50-59','male','Kumamoto City','fever',NULL),(15,'40-49','female','Beirut','yes',NULL),(16,'40-49','male','Ma\'anshan City','fever',NULL),(17,'0-9','male','Nakafurano','fever 37.7Ôäâ',NULL),(18,'0-9','male','Nakafurano','fever 37.7Ôäâ',NULL),(19,'40-49','female','Chitose','fever 37.5Ôäâ',NULL),(20,'50-59','male','Ma\'anshan City','fever',NULL),(21,'80-89','male','Sagamihara City','anorexia',NULL),(22,'40-49','female','Ma\'anshan City','cough, fever',NULL),(23,'40-49','female','Ma\'anshan City','fever',NULL),(24,'60-69','female','Chiba City','nausea, cough, pneumonia, fever',NULL),(25,'40-49','male','Wakayama City','fever',NULL),(26,'60-69','male','Hakodate City','fever 38.2 Ôäâ, cough',NULL),(27,'10-19','female','Tomakomai City','fever (38 ┬░ C)',NULL),(28,'70-79','female','Tomakomai City','fever 37 C',NULL),(29,'50-59','female','Nemuro City','malaise, headache',NULL),(30,'50-59','male','Kitami City','fever (37 Ôäâ), breathing difficulty',NULL),(31,'70-79','male','Asahikawa City','fever (37.5 Ôäâ, then 38 Ôäâ), cough, malaise',NULL),(32,'50-59','female','Ebetsu','sore throat, Cough, fever (37 Ôäâ)',NULL),(33,'50-59','male','Sagamihara City','fever',NULL),(34,'60-69','male','Nagoya City','fever',NULL),(35,'60-69','male','Nagoya City','fever',NULL),(36,'60-69','female','Nagoya City','fever',NULL),(37,'40-49','female','Nagoya City','fever',NULL),(38,'90-99','female','Tin Hau','fever, cough',NULL),(39,'10-19','male','Fangchenggang City','fever',NULL),(40,'60-69','male','Fangchenggang City','fever; fatigue',NULL),(41,'50-59','female','Fangchenggang City','chest tightness; fatigue',NULL),(42,'40-49','female','Fangchenggang City','cough; fever',NULL),(43,'50-59','female','Fangchenggang City','fever; nasal congestion; runny nose; sore throat; cough',NULL),(44,'20-29','male','Biei Town','fever 39.3',NULL),(45,'30-39','female','Kushiro City','fever 38',NULL),(46,'20-29','female','Jincheng City','fever',NULL),(47,'10-19','female','Lanzhou City','fever',NULL),(48,'50-59','male','Chengguan District, Lanzhou City','cough; sputum; fever',NULL),(49,'50-59','female','Qilihe District, Lanzhou City','dry cough',NULL),(50,'40-49','male','Chengguan District, Lanzhou City','cough; sore body; cold',NULL),(51,'60-69','male','Seville','fever',NULL),(52,'30-39','female','Barcelona','flu-like symptoms',NULL),(53,'40-49','female','Fangchenggang City','fever; fatigue; dry cough',NULL),(54,'20-29','female','Hong Kong','fever',NULL),(55,'10-19','male','Hong Kong','cough',NULL),(56,'80-89','male','Hong Kong','fever',NULL),(57,'30-39','male','Hong Kong','fever, cough',NULL),(58,'50-59','female','Hong Kong','cough',NULL),(59,'60-69','female','Hong Kong','cough',NULL),(60,'70-79','male','Kushiro City','fever (37.4 ┬░ C), pneumonia',NULL),(61,'70-79','female','Shinhidaka','fever (37.8 Ôäâ), cough',NULL),(62,'70-79','female','Shinhidaka','fever (38-39 ┬░ C), malaise',NULL),(63,'50-59','male','Atsugi','fever 38.1 Ôäâ Cough, malaise, anorexia',NULL),(64,'50-59','male','Nagoya City','fever 37.8 Ôäâ , sore throat',NULL),(65,'60-69','male','Nagoya City','fever',NULL),(66,'70-79','male','Nagoya City','rever, cough',NULL),(67,'70-79','male','Nagoya City','fever 37.1 Ôäâ , couh',NULL),(68,'70-79','female','Nagoya City','fever 38.3 Ôäâ , cough',NULL),(69,'50-59','male','Atsugi','fever 37.5 , headache, malaise',NULL),(70,'30-39','male','Okhotsk','sore throat, fever (38-39 Ôäâ)',NULL),(71,'70-79','male','Okhotsk','fatigue, fever (38 Ôäâ)',NULL),(72,'60-69','male','Kushiro City','fever (38.3 Ôäâ)',NULL),(73,'40-49','male','Kushiro City','vomiting, cough, fever (38.2 Ôäâ), sore throat',NULL),(74,'40-49','male','Takikawa','fever (39 ┬░ C), joint pain',NULL),(75,'30-39','male','Okhotsk','fever (40.3 Ôäâ), Headache, malaise, joint pain',NULL),(76,'0-9','male','Tokachi','fever (39.9 Ôäâ), cough',NULL),(77,'80-89','male','Biei Town','fever (39.3 Ôäâ), cough',NULL),(78,'30-39','male','Hiyama','cough, fever (38.3 Ôäâ), joint pain',NULL),(79,'80-89','male','Hiyama','Cough, fever (38 Ôäâ)',NULL),(80,'60-69','male','Yakumo','Fever (37.4 ┬░ C), malaise, sore throa',NULL),(81,'0-9','female','Kikonai','cough, sore throat',NULL),(82,'60-69','female','Nagoya City','Fever (38 ┬░ C)',NULL),(83,'60-69','male','Nagoya City','Fever (38.1 ┬░ C), cough, headache.',NULL),(84,'70-79','female','Tongchuan City','pneumonitis',NULL),(85,'50-59','female','Tongchuan City','pneumonitis',NULL),(86,'40-49','male','Hanzhong City','pneumonitis',NULL),(87,'40-49','female','Wushan County','fatigue, fever',NULL),(88,'30-39','female','Xishuangbanna Prefecture','systemic weakness, runny nose, fever',NULL),(89,'40-49','male','Wenzhou City','fever',NULL),(90,'30-39','female','Siauliai','mild',NULL),(91,'40-49','female','Sagamihara City','chills, headache, fatigue',NULL),(92,'20-29','male','Sagamihara City','fever',NULL),(93,'60-69','male','Shizuoka City','cough, sore throat',NULL),(94,'80-89','female','Setana','cough, phlegm, fever 37 degrees',NULL),(95,'0-9','male','Chitose','fever 39.0 Ôäâ',NULL),(96,'80-89','male','Fukagawa','fever (38.0 Ôäâ), Fatigue, difficulty walking',NULL),(97,'60-69','female','Kamikawa','cough',NULL),(98,'60-69','male','Nakafurano','fever (38.0 Ôäâ)',NULL),(99,'60-69','male','Kitami City','chills,  fever (38 Ôäâ), malaise',NULL),(100,'60-69','female','Kitami City','Sputum, cough symptoms, fever (37 Ôäâ), cough, breathing difficulty',NULL),(101,'40-49','male','Kushiro City','fever (37.0 Ôäâ), fever (38.7 Ôäâ)',NULL),(102,'70-79','male','Kushiro City','fever (37.5 Ôäâ ´¢× 38.0 Ôäâ)',NULL),(103,'60-69','female','Sapporo City','fever and cough',NULL),(104,'60-69','male','Sapporo City','fever',NULL),(105,'60-69','male','Nagoya City','fever (38 ┬░ C)',NULL),(106,'60-69','female','Hong Kong','cough, fever',NULL),(107,'60-69','male','Hong Kong','fever',NULL),(108,'60-69','male','Sihanoukville City','fever, runny nose',NULL),(109,'40-49','male','Narita Airport','fever, pneumonia, sore throat',NULL),(110,'40-49','female','Gorinchem','respiratory complaints',NULL),(111,'60-69','male','Toronto','cough',NULL),(112,'20-29','male','Moscow','acute respiratory viral infection (ARVI)',NULL),(113,'30-39','female','New York City','mild',NULL),(114,'50-59','female','Usti nad Labem','fever, chills, muscle, joint pain and cough',NULL),(115,'30-39','male','Kathmandu','cough, fever, shortness of breath',NULL),(116,'60-69','male','Singapore General Hospital','cough, fever',NULL),(117,'50-59','male','Bangkok','cough, fever, myalgia',NULL),(118,'30-39','male','Starnberg','chills, fever, myalgias, sore throat',NULL),(119,'40-49','male','Timisoara','asymptomatic, afebrile',NULL),(120,'30-39','female','Hong Kong','cough',NULL),(121,'70-79','male','Hong Kong','cough, dyspnea',NULL),(122,'30-39','female','Mannheim','cough',NULL),(123,'60-69','male','Vorpommern-Greifswald','cough',NULL),(124,'50-59','male','Vorpommern-Rugen','cough fever',NULL),(125,'70-79','male','Thimphu','fever, sore throat, cough, shortness of breath',NULL),(126,'40-49','female','Bengbu City','fever',NULL),(127,'50-59','male','Bengbu City','fever',NULL),(128,'30-39','male','Ankang City','pneumonia',NULL),(129,'40-49','female','Ankang City','pneumonia',NULL),(130,'20-29','male','Ankang City','pneumonitis',NULL),(131,'10-19','female','Huating County, Pingliang City','diarrhea',NULL),(132,'0-9','female','Haikou City','fever',NULL),(133,'50-59','male','Pyeongtaek','aching muscles, fever, pneumonia',NULL),(134,'20-29','male','Huainan City','dry cough',NULL),(135,'30-39','female','Paris','chills, cough, fatigue, fever',NULL),(136,'30-39','male','Paris','chills, conjunctivitis, cough, fever',NULL),(137,'20-29','female','Toronto','cough',NULL),(138,'60-69','female','Toronto','cough, sore throat, body aches, fever',NULL),(139,'30-39','female','Richmond Hill','dry cough, runny nose, shortness of breath, headache',NULL),(140,'50-59','female','Ajax','cough, body aches, chills',NULL),(141,'60-69','male','Ajax','cough',NULL),(142,'50-59','female','East Coast Demerara','severe, kidney failure and hypertension',NULL),(143,'50-59','female','Cainta','cough',NULL),(144,'40-49','female','Rio de Janeiro','fever, cough, nasal congestion',NULL),(145,'40-49','male','Bucharest','fever',NULL),(146,'50-59','female','Chengdu City','fever',NULL),(147,'30-39','male','Chengdu City','fever',NULL),(148,'30-39','male','Chengdu City','fever',NULL),(149,'40-49','male','Chengdu City','fever',NULL),(150,'40-49','female','Zigong City','fever',NULL),(151,'30-39','female','Zigong City','fever',NULL),(152,'40-49','male','Zigong City','fever',NULL),(153,'60-69','female','Zigong City','fever',NULL),(154,'50-59','female','Zigong City','fever',NULL),(155,'30-39','male','Luzhou City','fever',NULL),(156,'30-39','female','Mianyang City','fever',NULL),(157,'20-29','female','Suining City','fever',NULL),(158,'40-49','male','Neijiang City','fever',NULL),(159,'10-19','male','Neijiang City','fever',NULL),(160,'30-39','male','Leshan City','fever',NULL),(161,'30-39','female','Nanchong City','fever',NULL),(162,'20-29','male','Nanchong City','fever',NULL),(163,'50-59','female','Guang\'an City','fever',NULL),(164,'40-49','female','Ya\'an City','fever',NULL),(165,'50-59','male','Ganzi Prefecture','fever',NULL),(166,'40-49','male','Liangshan Prefecture','fever',NULL),(167,'50-59','male','Melbourne','lethargy; dry cough',NULL),(168,'70-79','female','Buzau','fever, nausea, digestive discomfort',NULL),(169,'60-69','male','Bucharest','aggressive pulmonary symptomatology',NULL),(170,'40-49','male','Ankang City','lesions on chest radiographs',NULL),(171,'70-79','male','Hong Kong','diarrhea',NULL),(172,'40-49','male','Hong Kong','Sore throat, headache, runny nose and tiredness',NULL),(173,'40-49','male','Hong Kong','cough, fever',NULL),(174,'80-89','male','Shiriuchi','difficulty breathing',NULL),(175,'20-29','male','Jung','fever; headache; phlegm',NULL),(176,'50-59','female','Saerom-dong','fever; muscle aches; chills',NULL),(177,'40-49','female','Areum-dong','sore throat; headache',NULL),(178,'50-59','male','Hansol-dong','chills; abdominal pain',NULL),(179,'10-19','female','Bangok-dong','sore throat, fever',NULL),(180,'40-49','female','Eun-dong','fever; cough; sore throat',NULL),(181,'50-59','male','Areum-dong','cough; sore throat; body aches',NULL),(182,'30-39','male','Xi\'an City','pneumonitis',NULL),(183,'40-49','female','Baoji City','pneumonitis',NULL),(184,'20-29','male','Xi\'an City','pneumonitis',NULL),(185,'40-49','female','Baoji City','pneumonitis',NULL),(186,'50-59','male','Baoji City','pneumonitis',NULL),(187,'30-39','female','Weinan City','pneumonitis',NULL),(188,'30-39','male','Weinan City','pneumonitis',NULL),(189,'30-39','female','Shangluo City','pneumonitis',NULL),(190,'60-69','male','Hanzhong City','pneumonitis',NULL),(191,'70-79','male','Xi\'an City','pneumonitis',NULL),(192,'20-29','male','Ankang City','pneumonitis',NULL),(193,'20-29','male','Tianzhu County, Qiandongnan Prefecture','cough, fever, sputum',NULL),(194,'30-39','female','Kochi','sore throat',NULL),(195,'60-69','male','Niigata','fever, dcough',NULL),(196,'70-79','male','Sendai','fever, sore throat',NULL),(197,'90-99','female','Tomakomai City','cough, nasal discharge, fever (37.2 ┬░ C)',NULL),(198,'70-79','female','Nagoya City','Fever, cough, vomiting.',NULL),(199,'60-69','male','Kitakyshu','Cough, fever (38.0 ┬░ C)',NULL),(200,'20-29','male','Funabashi','fever 37.5 Ôäâ, diarrhea, nausea, dsypnea, cough, inappetance',NULL),(201,'20-29','female','Ebetsu','fever (38.0 ┬░ C), cough, malaise',NULL),(202,'40-49','male','Kitami City','fever (38.6 Ôäâ)',NULL),(203,'50-59','male','Sagamihara','malaise, fever, joint pain',NULL),(204,'50-59','female','Sagamihara','malaise, fever, joint pain, phlegm',NULL),(205,'80-89','female','Nagoya City','fever (38.9Ôäâ)',NULL),(206,'50-59','female','Nagoya City','fever (38.2Ôäâ)',NULL),(207,'60-69','female','Nagoya City','fever',NULL),(208,'40-49','male','Nishinomiya','fever 38',NULL),(209,'30-39','female','Kochi','cough, phlegn,  38 ┬░ C fever',NULL),(210,'40-49','male','Kamo','fever 37',NULL),(211,'60-69','male','Kitami','fever (38.8 Ôäâ), breathing difficulty',NULL),(212,'60-69','male','Kitami','fever (37.6 Ôäâ), fatigue, diarrhea',NULL),(213,'40-49','female','Asahikawa','fever, joint pain',NULL),(214,'50-59','male','Sapporo City','fatigue, fever',NULL),(215,'30-39','female','Oita','38.7 degrees fever, headache, malaise',NULL),(216,'40-49','male','Kobe','fever',NULL),(217,'40-49','female','Kobe','Fever (37.5 ┬░ C)',NULL),(218,'30-39','female','Sapporo City','fever, headache, cough',NULL),(219,'60-69','female','Sapporo City','breathing difficulty',NULL),(220,'60-69','female','Niigata','fever, cough',NULL),(221,'50-59','female','Niigata','fever 38-39 C',NULL),(222,'40-49','male','Niigata','fever 37-39 C',NULL),(223,'50-59','female','Kyoto','fever (37.6 - 38.3 degrees)',NULL),(224,'70-79','female','Mikawa','fever',NULL),(225,'80-89','male','Mikawa','fever',NULL),(226,'20-29','female','Owari','fever (38.5 degrees), cough, sore throat',NULL),(227,'70-79','male','Owari','Fever, cough, runny nose',NULL),(228,'40-49','male','Shimonoseki','fever (37.5-39 ┬░ C), rash',NULL),(229,'40-49','female','Kochi','mild cough, phlegm',NULL),(230,'60-69','male','Kochi','sneezing, runny nose and slight fever',NULL),(231,'60-69','female','Kochi','sneezing, runny nose and slight fever',NULL),(232,'0-9','male','Aki','runny nose',NULL),(233,'30-39','female','Matsuyama','fever  (37.0-5 Ôäâ), malaise',NULL),(234,'60-69','male','Asahikawa','sore throat',NULL),(235,'60-69','male','Asahikawa','fever',NULL),(236,'80-89','female','Ichikawa','runny nose, sore throat, mile cough',NULL),(237,'60-69','female','Nagoya City','fever',NULL),(238,'50-59','male','Nagoya City','fever, headache',NULL),(239,'70-79','female','Nagoya City','fever, cough',NULL),(240,'80-89','male','Nagoya City','fever, phlegm',NULL),(241,'80-89','male','Nagoya City','fever, cough',NULL),(242,'80-89','male','Nagoya City','fever, cough',NULL),(243,'50-59','female','Kyoto','Fever (37 Ôäâ)',NULL),(244,'50-59','male','Kyoto','fever (38 ┬░ C), cough',NULL),(245,'30-39','male','Kyoto','fever (38), cough',NULL),(246,'50-59','male','Sagamihara','fever',NULL),(247,'30-39','male','Mikawa','fever (38.0)',NULL),(248,'50-59','male','Owari','fever (37.4-8), cough',NULL),(249,'80-89','male','Sapporo City','Fever, cough',NULL),(250,'20-29','female','Sapporo City','Cough, headache, general malaise, sore throat',NULL),(251,'30-39','male','Sapporo City','Fever, sore throat',NULL),(252,'70-79','male','Kitahiroshima','fever (38 Ôäâ)',NULL),(253,'50-59','male','Ichikawa','fever 38.0, cough, fatigue',NULL),(254,'50-59','male','Ichikawa','fever 40.0',NULL),(255,'60-69','male','Okayama','fever (39), inapatence',NULL),(256,'60-69','female','Quarry Bay','chills, cough, fever',NULL),(257,'30-39','male','Wan Chai','fever',NULL),(258,'30-39','male','Hong Kong','cough, fever',NULL),(259,'40-49','male','Manila','cough, sore throat',NULL),(260,'40-49','male','Bordeaux','flu-like symptoms',NULL),(261,'10-19','male','Summit County','mild',NULL),(262,'10-19','male','Summit County','mild',NULL),(263,'70-79','male','San Juan','cough, fever, difficulty breathing',NULL),(264,'40-49','female','Fuyang City','fever',NULL),(265,'50-59','female','Huainan City','fever',NULL),(266,'30-39','female','Chizhou City','cough',NULL),(267,'40-49','male','Bengbu City','fever',NULL),(268,'30-39','female','Changping District','fever',NULL),(269,'30-39','male','Fengtai District','fever',NULL),(270,'30-39','male','Haidian District','fever',NULL),(271,'30-39','female','Haidian District','respiratory symptoms',NULL),(272,'40-49','male','Shijingshan District','fever',NULL),(273,'40-49','male','Shijingshan District','fever',NULL),(274,'10-19','female','Tongzhou District','fever, respiratory symptoms',NULL),(275,'50-59','female','Xicheng District','fever, respiratory symptoms',NULL),(276,'40-49','male','Xicheng District','fever',NULL),(277,'30-39','male','Seoul','cough',NULL),(278,'70-79','male','Hong Kong','fever',NULL),(279,'70-79','female','Hong Kong','fever',NULL),(280,'40-49','male','Lanzhou City','discomfort, fever',NULL),(281,'20-29','male','Baiyin City','cough, fever, headache, muscular soreness, weak',NULL),(282,'40-49','male','Foshan City','cough, dizziness',NULL),(283,'30-39','male','Lanzhou City','fever',NULL),(284,'60-69','male','Shenzhen City','cough, fatigue, fever, weakness',NULL),(285,'60-69','female','Shenzhen City','cough, fever, weakness',NULL),(286,'30-39','male','Shenzhen City','cough, diarrhea, fever, rhinorrhoea, sneezing',NULL),(287,'60-69','female','Shenzhen City','anhelation, cough, fever, pleural effusion, weakness',NULL),(288,'30-39','female','Shenzhen City','diarrhea, fever, nasal congestion, pleuritic chest pain, sore throat',NULL),(289,'60-69','female','Zhuhai City','cough',NULL),(290,'70-79','female','Xigu District, Lanzhou City','fever',NULL),(291,'60-69','male','Beihai City','cough, fever',NULL),(292,'60-69','female','Beihai City','cough, fever',NULL),(293,'60-69','male','Sao Paulo','fever, cough, running nose',NULL),(294,'30-39','male','Sao Paulo','fever, cough, sore throat, mialgia, headache',NULL),(295,'10-19','female','Sao Paulo','Asymptomatic',NULL),(296,'30-39','female','Sao Paulo','Contact of hCoV-19/Brazil/SPBR-01/2020',NULL),(297,'60-69','female','Sao Paulo','Contact of hCoV-19/Brazil/SPBR-01/2020',NULL),(298,'20-29','female','Barra Mansa','fever, cough, nasal congestion, conjuntivitis',NULL),(299,'20-29','male','Fangchenggang City','discomfort',NULL),(300,'40-49','male','Liuzhou City','fever',NULL),(301,'50-59','female','Brasilia','acute respiratory syndrome',NULL),(302,'40-49','female','Feira de Santana','asymptomatic?',NULL),(303,'40-49','female','Rio de Janeiro','fever, cough, nasal congestion',NULL),(304,'40-49','female','Divinopolis','Rhinorrhea, pain and unwellness',NULL),(305,'40-49','male','Maceio','Rhinorrhea, cough and fever',NULL),(306,'40-49','male','Rio de Janeiro','fever, cough and milagia, between others',NULL),(307,'70-79','male','Rio de Janeiro','fever, cough and milagia, between others',NULL),(308,'50-59','female','Rio de Janeiro','fever, cough and milagia, between others',NULL),(309,'60-69','female','Rio de Janeiro','fever, cough and milagia, between others',NULL),(310,'60-69','male','Campo Bom','fever, cough',NULL),(311,'70-79','male','Rio de Janeiro','cough, fever',NULL),(312,'60-69','female','Rio de Janeiro','cough, fever',NULL),(313,'60-69','female','Recife, Boa Viagem','cough, fever, respiratory problems',NULL),(314,'70-79','male','Recife, Boa Viagem','cough, fever, respiratory problems',NULL),(315,'50-59','female','Porto Alegre','fever, cough, body ache, mialgia',NULL),(316,'10-19','female','Porto Alegre','fever, cough, coriza, sore throath, headache, general weakness',NULL),(317,'30-39','female','Ferraz de Vasconcelos, Vila Solar','fever, respiratory problems (lungs)',NULL),(318,'30-39','female','Ipatinga','fever, cough and sore throath',NULL),(319,'20-29','female','Rio Preto','oligosymptomatic',NULL),(320,'40-49','male','Wuzhou City','fever',NULL),(321,'50-59','male','Joinville','fever, body ache, sore throat, headache',NULL),(322,'30-39','female','Guarulhos','asymptomatic',NULL),(323,'40-49','male','Rio Preto','fever, myalgia, headache',NULL),(324,'60-69','male','Porto Alegre','cough, fever',NULL),(325,'60-69','female','Anapolis','asymptomatic',NULL),(326,'30-39','male','Guilin City','cough, fever',NULL),(327,'60-69','male','Niteroi','fever, cough, myalgia',NULL),(328,'40-49','male','Guilin City','fever',NULL),(329,'70-79','female','Beihai City','fever, weak',NULL),(330,'20-29','female','Beihai City','cough, fever, muscular soreness',NULL),(331,'50-59','male','Beihai City','cough, fever',NULL),(332,'30-39','female','Baise City','fever',NULL),(333,'40-49','female','Hechi City','chest distress, cough, expectoration, muscular soreness',NULL),(334,'20-29','female','Biel','dry cough, sore throat',NULL),(335,'20-29','male','Interlaken','cough',NULL),(336,'50-59','male','Gimpo Airport','fever',NULL),(337,'30-39','male','Gruyere','mild',NULL),(338,'40-49','female','Kreuzlingen','mild',NULL),(339,'30-39','male','Hechi City','cough, headache',NULL),(340,'20-29','female','Hechi City','fever, sneeze',NULL),(341,'60-69','male','Fangchenggang City','cough, muscular stiffness, weak',NULL),(342,'30-39','male','Hong Kong','cough, fever',NULL),(343,'60-69','male','Yulin City','fever',NULL),(344,'20-29','male','Guiding County, Qiannan Prefecture','discomfort',NULL),(345,'50-59','male','Guiyang City','fever',NULL),(346,'20-29','female','Lujiang County, Hefei City','cough, fever',NULL),(347,'30-39','male','Yaohai District, Hefei City','fever, pharyngeal discomfort',NULL),(348,'50-59','female','Tongren City','fever',NULL),(349,'50-59','female','Lujiang County, Hefei City','chills, headache, fever',NULL),(350,'40-49','female','Feidong County, Hefei City','fever, sore throat, sputum',NULL),(351,'20-29','female','Changfeng County, Hefei City','cough, fever',NULL),(352,'30-39','male','Hefei City','fever',NULL),(353,'30-39','male','Hefei City','physical discomfort',NULL),(354,'70-79','male','Shijiazhuang City','cough, fever',NULL),(355,'80-89','male','Cangzhou City','chest distress, dyspnea',NULL),(356,'40-49','male','Harbin City','cough, expectoration, fever',NULL),(357,'60-69','male','Mudanjiang City','cough, fatigue, fever, sputum',NULL),(358,'60-69','male','Zhengzhou City','chest tightness, dyspnea, fever',NULL),(359,'30-39','male','Chengguan District, Lanzhou City','discomfort',NULL),(360,'60-69','female','Chengguan District, Lanzhou City','weakness',NULL),(361,'30-39','male','Weiyuan County, Dingxi City','fever',NULL),(362,'60-69','male','Gannan Prefecture','fever; cough',NULL),(363,'50-59','male','Hong Kong','fever',NULL),(364,'60-69','female','Hong Kong','fever',NULL),(365,'50-59','female','Changsha City','cough, fever',NULL),(366,'40-49','male','Dalad Banner, Ordos City','chest tightness, fever, nausea',NULL),(367,'30-39','male','Suzhou City','fever',NULL),(368,'50-59','male','Dongxiang County, Fuzhou City','cough, fever',NULL),(369,'50-59','male','Xiangdong District, Pingxiang City','cough, fever',NULL),(370,'20-29','male','Ganzhou City','fever, weak',NULL),(371,'40-49','female','Ganzhou City','cough, fever',NULL),(372,'20-29','male','Seoul','cough, fever',NULL),(373,'60-69','female','Gunsan','cough, fever, muscle ache',NULL),(374,'20-29','male','Boston','runny nose',NULL),(375,'40-49','female','Changi Airport','fever',NULL),(376,'80-89','male','New Territories','cough, fever',NULL),(377,'40-49','female','Changchun City','cough, fever',NULL),(378,'30-39','male','Dalian City','cough, fever',NULL),(379,'40-49','male','Shenyang City','cough, fever, soreness',NULL),(380,'50-59','female','Shenyang City','pharynx',NULL),(381,'40-49','male','Chaoyang City','muscular soreness',NULL),(382,'50-59','female','Landmark Hotel','cough, sore throat',NULL),(383,'20-29','male','Zhongwei City','fever',NULL),(384,'20-29','male','Xi\'an City','fever',NULL),(385,'30-39','female','Xi\'an City','fever',NULL),(386,'40-49','male','Xianyang City','fever',NULL),(387,'30-39','male','Weihai City','fever',NULL),(388,'60-69','female','Linyi City','fever',NULL),(389,'60-69','male','Linyi City','fever',NULL),(390,'20-29','male','Chengguan District, Lanzhou City','cough, fever',NULL),(391,'40-49','male','Xigu District, Lanzhou City','cough, fever, sputum',NULL),(392,'30-39','male','Ningxian County, Qingyang City','cough, fever',NULL),(393,'30-39','female','Linxia City, Linxia Prefecture','cough, fever',NULL),(394,'60-69','female','Maiji District, Tianshui City','cough, sputum',NULL),(395,'50-59','male','Maiji District, Tianshui City','cough, sore throat, sputum',NULL),(396,'30-39','female','Maiji District, Tianshui City','fever',NULL),(397,'40-49','female','Qinzhou District, Tianshui City','chills, fatigue',NULL),(398,'70-79','female','Block 1, Site 11, Whampao Garden','cough',NULL),(399,'40-49','male','Fangchenggang City','fever; dry cough; fatigue',NULL),(400,'20-29','female','Chengdu City','fever',NULL),(401,'30-39','male','Chengdu City','fever',NULL),(402,'50-59','male','Chengdu City','cough, dyspnea, fever',NULL),(403,'40-49','male','Chengdu City','fever',NULL),(404,'30-39','male','Dazhou City','fatigue, fever',NULL),(405,'30-39','male','Mianyang City','chills, fever, muscle aches, other symptoms',NULL),(406,'10-19','male','Mianyang City','fatigue, muscle aches, sore throat',NULL),(407,'60-69','female','Tianjin City','cough, fever',NULL),(408,'50-59','male','Tianjin City','cough, fever',NULL),(409,'20-29','female','Tianjin City','fever',NULL),(410,'40-49','male','Urumqi City','fever, sore muscle, weakness',NULL),(411,'50-59','male','Urumqi City','fever, sore muscle, weakness',NULL),(412,'50-59','male','Kunming City','fatigue, fever',NULL),(413,'50-59','male','Kunming City','cough, fever',NULL),(414,'40-49','female','Tianjin City','fever',NULL),(415,'60-69','female','Tianjin City','fever',NULL),(416,'30-39','female','Tianjin City','cough, fever',NULL),(417,'30-39','female','Tianjin City','fever',NULL),(418,'40-49','female','Tianjin City','cough, fever',NULL),(419,'40-49','male','Tianjin City','fever',NULL),(420,'70-79','male','Ho Chi Minh City','respiratory symptoms',NULL),(421,'40-49','male','Wenzhou City','fever',NULL),(422,'30-39','female','Xining City','fever',NULL),(423,'40-49','female','Xining City','chest tightness',NULL),(424,'20-29','female','Hotel Ton Dan Street, Nha Trang','cough, fever',NULL),(425,'50-59','male','Neder-Over-Heembeek, Brussels','no symptoms',NULL),(426,'20-29','male','Tianjin City','fever',NULL),(427,'60-69','female','Tianjin City','fever',NULL),(428,'90-99','male','Tianjin City','cough, fever',NULL),(429,'60-69','male','Tianjin City','fever',NULL),(430,'30-39','male','Xianyang City','fever',NULL),(431,'20-29','male','To Kwa Wan','cough, diarrhoea, runny nose',NULL),(432,'60-69','female','Baodi District','cough, fever, eventually showed acute left heart failure and acute coronary syndrome',NULL),(433,'50-59','female','Baodi District','cough, high fever, myalgia',NULL),(434,'60-69','male','Baodi District','fever, myalgia',NULL),(435,'60-69','female','Kowloon','cough, fever, shortness of breath',NULL),(436,'40-49','female','Chonnam National University Hospital','cough, fever, runny nose',NULL),(437,'60-69','male','Chengguan District, Lanzhou City','fatigue',NULL),(438,'50-59','female','Fangchenggang City','fever;sore throat; fatigue; diarrhea',NULL),(439,'60-69','male','Fangchenggang City','fever; fatigue',NULL),(440,'60-69','female','Fangchenggang City','fever; sore throat;fatigue;vomiting',NULL),(441,'40-49','female','Fangchenggang City','cough',NULL),(442,'20-29','female','Singapore General Hospital','fever, sore throat',NULL),(443,'50-59','female','Haibowan District, Wuhai City','fever',NULL),(444,'50-59','female','Feixi County, Hefei City','chest tightness, fever',NULL),(445,'40-49','female','Yaohai District, Hefei City','fever, joint pain, muscle soreness',NULL),(446,'40-49','female','Xinzhan District, Hefei City','fever',NULL),(447,'30-39','male','Shushan District, Hefei City','fever',NULL),(448,'20-29','male','Shushan District, Hefei City','fever',NULL),(449,'50-59','male','Lujiang County, Hefei City','cough, fever',NULL),(450,'30-39','male','Luyang District, Hefei City','chills, fever',NULL),(451,'20-29','female','Xinzhan District, Hefei City','cough, fever',NULL),(452,'70-79','female','Xinzhan District, Hefei City','chest pain, nasal congestion',NULL),(453,'30-39','female','Xinzhan District, Hefei City','cough, muscle soreness, sweating',NULL),(454,'30-39','male','Luyang District, Hefei City','cough, fever',NULL),(455,'40-49','male','National Centre for Infectious Diseases','fever',NULL),(456,'40-49','female','Son Loi commune, Binh Xuyen District','cough',NULL),(457,'20-29','female','Qujing City','fever',NULL),(458,'10-19','female','Binh Xuyen District','cough, fever',NULL),(459,'20-29','female','Fuyang City','fever',NULL),(460,'40-49','male','Fuyang City','fever',NULL),(461,'20-29','male','Fuyang City','fever, sore throat',NULL),(462,'50-59','male','Bozhou City','fever, muscular soreness, rigor',NULL),(463,'30-39','male','Bozhou City','chills, diarrhea, dyspnea, headache, lack of energy, muscle pain',NULL),(464,'50-59','male','Bozhou City','cough, fever',NULL),(465,'60-69','male','Bozhou City','cough, fatigue, fever',NULL),(466,'30-39','male','Bozhou City','fever',NULL),(467,'20-29','female','Bozhou City','fever, pharyngalgia',NULL),(468,'50-59','female','Yanliang District, Xi\'an City','pneumonitis',NULL),(469,'60-69','male','Lam Tin','fever, myalgia, shortness of breath',NULL),(470,'20-29','male','Luzzara, Reggio Emilia','eye irritation, fever',NULL),(471,'50-59','female','Son Loi commune, Binh Xuyen District','fever, headache, runny nose',NULL),(472,'0-9','female','Quat Luu commune, Binh Xuyen District','cough, runny nose',NULL),(473,'60-69','male','Zunyi City','nausea, vomiting',NULL),(474,'60-69','female','Nagoya City','fever, headache',NULL),(475,'60-69','male','Owariasahi City','fever',NULL),(476,'60-69','male','Owariasahi City','fever, full body slump',NULL),(477,'60-69','male','Owariasahi City','cough, fever',NULL),(478,'50-59','male','Son Loi commune, Binh Xuyen District','transient fatigue',NULL),(479,'60-69','female','Xi\'an City','pneumonitis',NULL),(480,'20-29','male','Ankang City','pneumonia',NULL),(481,'40-49','male','Ankang City','pneumonia',NULL),(482,'40-49','male','Urumqi City','fever',NULL),(483,'40-49','female','Longxi County, Dingxi City','fever, cough',NULL),(484,'20-29','female','Longxi County, Dingxi City','fever, cough',NULL),(485,'30-39','male','Baiyin District, Baiyin City','fever, dry throat, sore throat',NULL),(486,'20-29','male','Ningxian County, Qingyang City','fever; runny nose',NULL),(487,'50-59','female','Longxi County, Dingxi City','dry throat; sore throat; fatigue',NULL),(488,'20-29','female','Longxi County, Dingxi City','headache; dry mouth',NULL),(489,'30-39','female','Longxi County, Dingxi City','fever; dry mouth; throat discomfort',NULL),(490,'20-29','male','Huating County, Pingliang City','fever',NULL),(491,'50-59','female','Maiji District, Tianshui City','pharyngeal discomfort',NULL),(492,'20-29','female','Huating County, Pingliang City','fever',NULL),(493,'40-49','female','Xigu District, Lanzhou City','cough; throat discomfort',NULL),(494,'60-69','female','Lingao County','cough, discomfort, fever, other symptoms',NULL),(495,'30-39','female','Huating County, Pingliang City','Pharyngeal dryness',NULL),(496,'20-29','male','Zhuanglang County, Pingliang City','cough; sputum; fever',NULL),(497,'20-29','female','Qingcheng County, Qingyang City','fever',NULL),(498,'50-59','female','Gannan Prefecture','dry throat; dry cough',NULL),(499,'30-39','female','Huating County, Pingliang City','chest pain, cough',NULL),(500,'50-59','female','Hezuo City, Gannan Prefecture','cough, chest tightness, dry mouth',NULL),(501,'50-59','male','Chengguan District, Lanzhou City','cough, fever',NULL),(502,'60-69','male','Fangchenggang City','fever; cough; fatigue; nausea',NULL),(503,'60-69','female','Kuala Lumpur','asymptomatic',NULL),(504,'20-29','male','Kuala Lumpur','asymptomatic',NULL),(505,'10-19','male','Kuala Lumpur','asymptomatic',NULL),(506,'60-69','male','Fangchenggang City','fever; cough',NULL),(507,'30-39','female','Fangchenggang City','fever; fatigue',NULL),(508,'20-29','male','Liupanshui City','cough, fever',NULL),(509,'50-59','female','National Centre for Infectious Diseases','cough, fever',NULL),(510,'30-39','male','Qianxinan Prefecture','cough, fever',NULL),(511,'70-79','female','Seongnam-si','cough, fever, sore throat',NULL),(512,'30-39','female','Incheon Airport','cough, fever',NULL),(513,'50-59','female','Taoyuan International Airport','cough, fever, shortness breath',NULL),(514,'60-69','female','Bangkok','chills, fever, headache, sore throat',NULL),(515,'30-39','female','Bangkok','coughing, fever, muscle aches',NULL),(516,'30-39','male','Snohomish County','cough, fever, nausea',NULL),(517,'70-79','female','Hua Hin District','fever',NULL),(518,'50-59','male','Seoul','chills, fever',NULL),(519,'50-59','male','Tsing Yi','fever',NULL),(520,'60-69','male','National Centre for Infectious Diseases','fever',NULL),(521,'50-59','male','Baotou City','cough, fever',NULL),(522,'60-69','female','Tongliao City','cough, fatigue, fever',NULL),(523,'70-79','male','Wuhan City','cough, fever',NULL),(524,'70-79','female','Wuhan City','fever',NULL),(525,'70-79','male','Wuhan City','cough, fever',NULL),(526,'70-79','male','Wuhan City','cough, fever, gasp',NULL),(527,'50-59','male','Wuhan City','cough, fever',NULL),(528,'80-89','male','Wuhan City','diarrhea, fever',NULL),(529,'60-69','female','Wuhan City','chest distress, fever',NULL),(530,'50-59','male','Wuhan City','chest distress, cough, fever, gasp',NULL),(531,'60-69','male','Wuhan City','cough, fever',NULL),(532,'70-79','male','Wuhan City','cough, fever',NULL),(533,'60-69','male','Wuhan City','cough, fever, sensation of chill',NULL),(534,'60-69','male','Wuhan City','dizziness, fever',NULL),(535,'50-59','male','Wuhan City','cough, expectoration, fever',NULL),(536,'60-69','female','Wuhan City','fever',NULL),(537,'80-89','female','Wuhan City','chest distress, chest pain, fever, weak, dyspnea',NULL),(538,'60-69','female','Wuhan City','cough, fever, muscular soreness',NULL),(539,'30-39','male','Wuhan City','fatigue, fever',NULL),(540,'70-79','male','Wuhan City','cough, fever, dyspnea',NULL),(541,'70-79','female','Wuhan City','fever',NULL),(542,'80-89','male','Wuhan City','fever',NULL),(543,'40-49','female','Wuhan City','chest discomfort, cough, fever',NULL),(544,'60-69','female','Yuan\'an County, Yichang City','primary myelofibrosis',NULL),(545,'10-19','female','Wuhan City','dyspnea, respiratory stress',NULL),(546,'60-69','male','Wuhan City','cough, fatigue, fever, headache',NULL),(547,'40-49','female','Wuhan City','cough, fatigure, fever, little sputum, muscular soreness',NULL),(548,'80-89','male','Wuhan City','dyspnea',NULL),(549,'60-69','male','Wuhan City','cough, fever',NULL),(550,'80-89','male','Wuhan City','obnubilation, somnolence',NULL),(551,'70-79','male','Wuhan City','cough, expectoration, emesis, fever',NULL),(552,'80-89','male','Wuhan City','cold chills, muscular soreness',NULL),(553,'60-69','male','Wuhan City','dry cough',NULL),(554,'80-89','male','Wuhan City','fever',NULL),(555,'80-89','female','Wuhan City','chest distress, cough, fatigue, fever',NULL),(556,'60-69','male','Wuhan City','fatigue, shortness of breath',NULL),(557,'80-89','female','Wuhan City','cough, fever, grasp, dyspnea',NULL),(558,'50-59','male','Wuhan City','chest distress, cough, fever',NULL),(559,'80-89','male','Wuhan City','fatigue',NULL),(560,'70-79','female','Wuhan City','fever',NULL),(561,'80-89','male','Wuhan City','cough, fever, grasp',NULL),(562,'40-49','female','Malabo','Asymptomatic',NULL),(563,'40-49','male','Malabo','Asymptomatic',NULL),(564,'50-59','female','Malabo','Asymptomatic',NULL),(565,'40-49','male','Malabo','Asymptomatic',NULL),(566,'60-69','male','Malabo','Asymptomatic',NULL),(567,'40-49','male','Cabral Estate, Central Monrovia District, Montserrado County','fever:unproductive cough',NULL),(568,'70-79','male','Banjul','Severe',NULL),(569,'30-39','male','Windhoek','cough:fever',NULL),(570,'20-29','female','Windhoek','cough:fever',NULL),(571,'60-69','male','Windhoek','cough:fever',NULL),(572,'30-39','female','Lagos','fever:cold:cough',NULL),(573,'60-69','male','Abuja','Severe',NULL),(574,'40-49','female','Beirut','yes',NULL),(575,'10-19','male','Windhoek','COVID-19 related symptoms',NULL),(576,'10-19','male','Windhoek','COVID-19 related symptoms',NULL),(577,'40-49','male','Ma\'anshan City','fever',NULL),(578,'40-49','female','Ma\'anshan City','fever',NULL),(579,'50-59','female','Ma\'anshan City','fever',NULL),(580,'40-49','male','Ma\'anshan City','fever',NULL),(581,'50-59','male','Ma\'anshan City','fever',NULL),(582,'40-49','female','Ma\'anshan City','cough, fever',NULL),(583,'40-49','female','Ma\'anshan City','fever',NULL),(584,'60-69','male','Yokohama','fever, severe pneumonia',NULL),(585,'20-29','male','Haneda Airport','cough, fever, sore throat',NULL),(586,'50-59','female','Son Loi commune, Binh Xuyen District','fever, headache, runny nose',NULL),(587,'0-9','female','Quat Luu commune, Binh Xuyen District','cough, runny nose',NULL),(588,'50-59','male','Son Loi commune, Binh Xuyen District','transient fatigue',NULL),(589,'50-59','male','Yuasa-cho','fever (38 ┬░ C)',NULL),(590,'50-59','female','Yuasa-cho','37.1 ┬░ C, mild coughing',NULL),(591,'60-69','male','Yuasa-cho','cough',NULL),(592,'60-69','female','Kunming City','cough',NULL),(593,'10-19','female','Wenshan Zhuang and Miao Autonomous Prefecture','abdominal pain, pulmonary inflammation',NULL),(594,'40-49','male','Dali Prefecture','Sore throat',NULL),(595,'30-39','female','Honghe Prefecture','cough',NULL),(596,'40-49','female','Fangchenggang City','fever; fatigue; dry cough',NULL),(597,'30-39','female','Kuala Lumpur','cough, fever',NULL),(598,'60-69','male','National Centre for Infectious Diseases','fever',NULL),(599,'40-49','male','Lanzhou City','discomfort, fever',NULL),(600,'20-29','male','Baiyin City','cough, fever, headache, muscular soreness, weak',NULL),(601,'20-29','female','Kumamoto City','fever',NULL),(602,'50-59','male','Kumamoto City','fever',NULL),(603,'0-9','male','Nakafurano','fever 37.7Ôäâ',NULL),(604,'0-9','male','Nakafurano','fever 37.7Ôäâ',NULL),(605,'40-49','female','Chitose','fever 37.5Ôäâ',NULL),(606,'80-89','male','Sagamihara City','anorexia',NULL),(607,'40-49','male','Foshan City','cough, dizziness',NULL),(608,'60-69','female','Chiba City','nausea, cough, pneumonia, fever',NULL),(609,'40-49','male','Wakayama City','fever',NULL),(610,'70-79','female','Tongchuan City','pneumonitis',NULL),(611,'50-59','female','Tongchuan City','pneumonitis',NULL),(612,'60-69','male','Hakodate City','fever 38.2 Ôäâ, cough',NULL),(613,'10-19','female','Tomakomai City','fever (38 ┬░ C)',NULL),(614,'70-79','female','Tomakomai City','fever 37 C',NULL),(615,'50-59','female','Nemuro City','malaise, headache',NULL),(616,'50-59','male','Kitami City','fever (37 Ôäâ), breathing difficulty',NULL),(617,'70-79','male','Asahikawa City','fever (37.5 Ôäâ, then 38 Ôäâ), cough, malaise',NULL),(618,'50-59','female','Ebetsu','sore throat, Cough, fever (37 Ôäâ)',NULL),(619,'80-89','male','Shiriuchi','difficulty breathing',NULL),(620,'50-59','male','Sagamihara City','fever',NULL),(621,'60-69','male','Nagoya City','fever',NULL),(622,'60-69','male','Nagoya City','fever',NULL),(623,'60-69','female','Nagoya City','fever',NULL),(624,'40-49','female','Nagoya City','fever',NULL),(625,'90-99','female','Tin Hau','fever, cough',NULL),(626,'40-49','male','Hanzhong City','pneumonitis',NULL),(627,'10-19','male','Fangchenggang City','fever',NULL),(628,'60-69','male','Fangchenggang City','fever; fatigue',NULL),(629,'50-59','female','Fangchenggang City','chest tightness; fatigue',NULL),(630,'40-49','female','Fangchenggang City','cough; fever',NULL),(631,'50-59','female','Fangchenggang City','fever; nasal congestion; runny nose; sore throat; cough',NULL),(632,'20-29','male','Biei Town','fever 39.3',NULL),(633,'30-39','female','Kushiro City','fever 38',NULL),(634,'20-29','female','Jincheng City','fever',NULL),(635,'10-19','female','Lanzhou City','fever',NULL),(636,'50-59','male','Chengguan District, Lanzhou City','cough; sputum; fever',NULL),(637,'50-59','female','Qilihe District, Lanzhou City','dry cough',NULL),(638,'40-49','male','Chengguan District, Lanzhou City','cough; sore body; cold',NULL),(639,'20-29','female','Hong Kong','fever',NULL),(640,'10-19','male','Hong Kong','cough',NULL),(641,'80-89','male','Hong Kong','fever',NULL),(642,'30-39','male','Hong Kong','fever, cough',NULL),(643,'50-59','female','Hong Kong','cough',NULL),(644,'60-69','female','Hong Kong','cough',NULL),(645,'60-69','male','Shenzhen City','cough, fatigue, fever, weakness',NULL),(646,'70-79','male','Kushiro City','fever (37.4 ┬░ C), pneumonia',NULL),(647,'70-79','female','Shinhidaka','fever (37.8 Ôäâ), cough',NULL),(648,'70-79','female','Shinhidaka','fever (38-39 ┬░ C), malaise',NULL),(649,'50-59','male','Atsugi','fever 38.1 Ôäâ Cough, malaise, anorexia',NULL),(650,'50-59','male','Nagoya City','fever 37.8 Ôäâ , sore throat',NULL),(651,'60-69','male','Nagoya City','fever',NULL),(652,'70-79','male','Nagoya City','rever, cough',NULL),(653,'70-79','male','Nagoya City','fever 37.1 Ôäâ , couh',NULL),(654,'70-79','female','Nagoya City','fever 38.3 Ôäâ , cough',NULL),(655,'50-59','male','Atsugi','fever 37.5 , headache, malaise',NULL),(656,'30-39','male','Okhotsk','sore throat, fever (38-39 Ôäâ)',NULL),(657,'70-79','male','Okhotsk','fatigue, fever (38 Ôäâ)',NULL),(658,'60-69','male','Kushiro City','fever (38.3 Ôäâ)',NULL),(659,'40-49','male','Kushiro City','vomiting, cough, fever (38.2 Ôäâ), sore throat',NULL),(660,'40-49','male','Takikawa','fever (39 ┬░ C), joint pain',NULL),(661,'30-39','male','Okhotsk','fever (40.3 Ôäâ), Headache, malaise, joint pain',NULL),(662,'0-9','male','Tokachi','fever (39.9 Ôäâ), cough',NULL),(663,'80-89','male','Biei Town','fever (39.3 Ôäâ), cough',NULL),(664,'30-39','male','Hiyama','cough, fever (38.3 Ôäâ), joint pain',NULL),(665,'80-89','male','Hiyama','Cough, fever (38 Ôäâ)',NULL),(666,'60-69','male','Yakumo','Fever (37.4 ┬░ C), malaise, sore throa',NULL),(667,'0-9','female','Kikonai','cough, sore throat',NULL),(668,'60-69','female','Nagoya City','Fever (38 ┬░ C)',NULL),(669,'60-69','male','Nagoya City','Fever (38.1 ┬░ C), cough, headache.',NULL),(670,'60-69','female','Shenzhen City','cough, fever, weakness',NULL),(671,'30-39','male','Shenzhen City','cough, diarrhea, fever, rhinorrhoea, sneezing',NULL),(672,'60-69','female','Hong Kong','cough, fever',NULL),(673,'60-69','male','Hong Kong','fever',NULL),(674,'60-69','male','Sihanoukville City','fever, runny nose',NULL),(675,'40-49','female','Sagamihara City','chills, headache, fatigue',NULL),(676,'20-29','male','Sagamihara City','fever',NULL),(677,'60-69','male','Shizuoka City','cough, sore throat',NULL),(678,'80-89','female','Setana','cough, phlegm, fever 37 degrees',NULL),(679,'0-9','male','Chitose','fever 39.0 Ôäâ',NULL),(680,'80-89','male','Fukagawa','fever (38.0 Ôäâ), Fatigue, difficulty walking',NULL),(681,'60-69','female','Kamikawa','cough',NULL),(682,'60-69','male','Nakafurano','fever (38.0 Ôäâ)',NULL),(683,'60-69','male','Kitami City','chills,  fever (38 Ôäâ), malaise',NULL),(684,'60-69','female','Kitami City','Sputum, cough symptoms, fever (37 Ôäâ), cough, breathing difficulty',NULL),(685,'40-49','male','Kushiro City','fever (37.0 Ôäâ), fever (38.7 Ôäâ)',NULL),(686,'70-79','male','Kushiro City','fever (37.5 Ôäâ ´¢× 38.0 Ôäâ)',NULL),(687,'60-69','female','Sapporo City','fever and cough',NULL),(688,'60-69','male','Sapporo City','fever',NULL),(689,'60-69','male','Nagoya City','fever (38 ┬░ C)',NULL),(690,'60-69','female','Shenzhen City','anhelation, cough, fever, pleural effusion, weakness',NULL),(691,'30-39','female','Shenzhen City','diarrhea, fever, nasal congestion, pleuritic chest pain, sore throat',NULL),(692,'30-39','female','Chizhou City','cough',NULL),(693,'70-79','male','Thimphu','fever, sore throat, cough, shortness of breath',NULL),(694,'60-69','female','Zhuhai City','cough',NULL),(695,'40-49','female','Bengbu City','fever',NULL),(696,'50-59','male','Bengbu City','fever',NULL),(697,'40-49','male','Bengbu City','fever',NULL),(698,'30-39','male','Ankang City','pneumonia',NULL),(699,'40-49','female','Ankang City','pneumonia',NULL),(700,'20-29','male','Ankang City','pneumonitis',NULL),(701,'0-9','female','Haikou City','fever',NULL),(702,'50-59','male','Pyeongtaek','aching muscles, fever, pneumonia',NULL),(703,'50-59','female','Cainta','cough',NULL),(704,'50-59','male','Melbourne','lethargy; dry cough',NULL),(705,'20-29','male','Huainan City','dry cough',NULL),(706,'30-39','female','Kochi','sore throat',NULL),(707,'60-69','male','Niigata','fever, dcough',NULL),(708,'70-79','male','Sendai','fever, sore throat',NULL),(709,'90-99','female','Tomakomai City','cough, nasal discharge, fever (37.2 ┬░ C)',NULL),(710,'70-79','female','Nagoya City','Fever, cough, vomiting.',NULL),(711,'60-69','male','Beihai City','cough, fever',NULL),(712,'60-69','male','Kitakyshu','Cough, fever (38.0 ┬░ C)',NULL),(713,'20-29','male','Funabashi','fever 37.5 Ôäâ, diarrhea, nausea, dsypnea, cough, inappetance',NULL),(714,'20-29','female','Ebetsu','fever (38.0 ┬░ C), cough, malaise',NULL),(715,'60-69','female','Beihai City','cough, fever',NULL),(716,'40-49','male','Kitami City','fever (38.6 Ôäâ)',NULL),(717,'50-59','male','Sagamihara','malaise, fever, joint pain',NULL),(718,'50-59','female','Sagamihara','malaise, fever, joint pain, phlegm',NULL),(719,'40-49','male','Liuzhou City','fever',NULL),(720,'80-89','female','Nagoya City','fever (38.9Ôäâ)',NULL),(721,'50-59','female','Nagoya City','fever (38.2Ôäâ)',NULL),(722,'60-69','female','Nagoya City','fever',NULL),(723,'40-49','male','Nishinomiya','fever 38',NULL),(724,'40-49','male','Wuzhou City','fever',NULL),(725,'30-39','female','Kochi','cough, phlegn,  38 ┬░ C fever',NULL),(726,'40-49','male','Kamo','fever 37',NULL),(727,'60-69','male','Kitami','fever (38.8 Ôäâ), breathing difficulty',NULL),(728,'60-69','male','Kitami','fever (37.6 Ôäâ), fatigue, diarrhea',NULL),(729,'40-49','female','Asahikawa','fever, joint pain',NULL),(730,'50-59','male','Sapporo City','fatigue, fever',NULL),(731,'30-39','male','Guilin City','cough, fever',NULL),(732,'30-39','female','Oita','38.7 degrees fever, headache, malaise',NULL),(733,'40-49','male','Guilin City','fever',NULL),(734,'40-49','male','Kobe','fever',NULL),(735,'40-49','female','Kobe','Fever (37.5 ┬░ C)',NULL),(736,'30-39','female','Sapporo City','fever, headache, cough',NULL),(737,'60-69','female','Sapporo City','breathing difficulty',NULL),(738,'60-69','female','Niigata','fever, cough',NULL),(739,'70-79','female','Beihai City','fever, weak',NULL),(740,'50-59','female','Niigata','fever 38-39 C',NULL),(741,'40-49','male','Niigata','fever 37-39 C',NULL),(742,'50-59','female','Kyoto','fever (37.6 - 38.3 degrees)',NULL),(743,'20-29','female','Beihai City','cough, fever, muscular soreness',NULL),(744,'70-79','female','Mikawa','fever',NULL),(745,'80-89','male','Mikawa','fever',NULL),(746,'20-29','female','Owari','fever (38.5 degrees), cough, sore throat',NULL),(747,'70-79','male','Owari','Fever, cough, runny nose',NULL),(748,'30-39','female','Changping District','fever',NULL),(749,'50-59','male','Beihai City','cough, fever',NULL),(750,'40-49','male','Shimonoseki','fever (37.5-39 ┬░ C), rash',NULL),(751,'40-49','female','Kochi','mild cough, phlegm',NULL),(752,'60-69','male','Kochi','sneezing, runny nose and slight fever',NULL),(753,'60-69','female','Kochi','sneezing, runny nose and slight fever',NULL),(754,'0-9','male','Aki','runny nose',NULL),(755,'30-39','female','Matsuyama','fever  (37.0-5 Ôäâ), malaise',NULL),(756,'30-39','female','Baise City','fever',NULL),(757,'60-69','male','Asahikawa','sore throat',NULL),(758,'60-69','male','Asahikawa','fever',NULL),(759,'40-49','female','Hechi City','chest distress, cough, expectoration, muscular soreness',NULL),(760,'80-89','female','Ichikawa','runny nose, sore throat, mile cough',NULL),(761,'60-69','female','Nagoya City','fever',NULL),(762,'50-59','male','Nagoya City','fever, headache',NULL),(763,'70-79','female','Nagoya City','fever, cough',NULL),(764,'80-89','male','Nagoya City','fever, phlegm',NULL),(765,'80-89','male','Nagoya City','fever, cough',NULL),(766,'80-89','male','Nagoya City','fever, cough',NULL),(767,'50-59','female','Kyoto','Fever (37 Ôäâ)',NULL),(768,'50-59','male','Kyoto','fever (38 ┬░ C), cough',NULL),(769,'30-39','male','Hechi City','cough, headache',NULL),(770,'30-39','male','Kyoto','fever (38), cough',NULL),(771,'20-29','female','Hechi City','fever, sneeze',NULL),(772,'20-29','male','Fangchenggang City','discomfort',NULL),(773,'50-59','male','Sagamihara','fever',NULL),(774,'60-69','male','Fangchenggang City','cough, muscular stiffness, weak',NULL),(775,'60-69','male','Yulin City','fever',NULL),(776,'30-39','male','Mikawa','fever (38.0)',NULL),(777,'50-59','male','Owari','fever (37.4-8), cough',NULL),(778,'20-29','male','Guiding County, Qiannan Prefecture','discomfort',NULL),(779,'50-59','male','Guiyang City','fever',NULL),(780,'80-89','male','Sapporo City','Fever, cough',NULL),(781,'20-29','female','Sapporo City','Cough, headache, general malaise, sore throat',NULL),(782,'60-69','male','Cainta','acute respiratory distress syndrome:severe pneumonia',NULL),(783,'50-59','female','Cainta','acute respiratory distress syndrome:severe pneumonia',NULL),(784,'80-89','male','Marikina','acute respiratory failure:pneumonia',NULL),(785,'70-79','male','San Juan','cough',NULL),(786,'50-59','male','Manila','fever:cough:acute respiratory distress syndrome',NULL),(787,'50-59','female','Tongren City','fever',NULL),(788,'30-39','male','Quezon','fever',NULL),(789,'40-49','male','Makati','fever:cough',NULL),(790,'70-79','male','San Juan','cough:sore throat:colds',NULL),(791,'40-49','male','Pasig','fever:headache:body malaise',NULL),(792,'40-49','female','Pasig','none',NULL),(793,'30-39','male','Imus','cough:body malaise',NULL),(794,'50-59','female','San Jose Del Monte','fever:cough:shortness of breath',NULL),(795,'50-59','female','San Juan','cough:colds:dysphagia',NULL),(796,'30-39','male','Sapporo City','Fever, sore throat',NULL),(797,'30-39','female','San Juan','cough:sore throat:headache',NULL),(798,'30-39','male','Bais','none',NULL),(799,'30-39','male','Libmanan','none',NULL),(800,'80-89','female','Marikina','septic shock:cardiogenic shock:acute respiratory distress syndrome:acute renal failure',NULL),(801,'70-79','male','Kitahiroshima','fever (38 Ôäâ)',NULL),(802,'60-69','male','Makati','fever:cough:dizziness',NULL),(803,'60-69','female','Makati','severe pneumonia',NULL),(804,'80-89','female','Pasig','acute respiratory failure',NULL),(805,'50-59','male','Pasig','acute respiratory distress syndrome:severe pneumonia',NULL),(806,'70-79','female','Quezon','multiple organ failure:pneumonia',NULL),(807,'30-39','male','Pasig','acute respiratory distress syndrome:pneumonia',NULL),(808,'60-69','male','San Ildefonso','acute respiratory distress syndrome:pneumonia',NULL),(809,'60-69','male','Makati','acute respiratory failure:pneumonia',NULL),(810,'60-69','male','San Fernando','acute respiratory failure:pneumonia',NULL),(811,'60-69','male','Quezon','acute respiratory failure:pneumonia',NULL),(812,'70-79','male','Cainta','acute respiratory distress syndrome:pneumonia',NULL),(813,'60-69','male','Quezon','acute respiratory distress syndrome:pneumonia',NULL),(814,'60-69','female','Makati','acute respiratory failure:pneumonia',NULL),(815,'80-89','female','San Juan','septic shock:pneumonia',NULL),(816,'70-79','male','Manila','acute respiratory distress syndrome:pneumonia',NULL),(817,'30-39','male','Quezon','acute respiratory distress syndrome',NULL),(818,'50-59','male','Marawi','acute respiratory distress syndrome',NULL),(819,'80-89','male','San Juan','cardiac arrhythmia:septic shock:pneumonia',NULL),(820,'70-79','male','Quezon','pneumonia',NULL),(821,'70-79','male','Bacoor','pneumonia:acute respiratory failure:heart failure',NULL),(822,'50-59','male','Ichikawa','fever 38.0, cough, fatigue',NULL),(823,'50-59','male','Ichikawa','fever 40.0',NULL),(824,'70-79','male','Quezon','septic shock:pneumonia',NULL),(825,'70-79','female','Meycauayan','acute respiratory distress syndrome:pneumonia:septic shock',NULL),(826,'70-79','female','San Juan','septic shock:pneumonia',NULL),(827,'70-79','male','San Juan','pneumonia',NULL),(828,'50-59','male','Mandaluyong','septic shock:pneumonia',NULL),(829,'60-69','male','Okayama','fever (39), inapatence',NULL),(830,'40-49','male','Almaty','no clinical symptoms',NULL),(831,'30-39','female','Almaty','no clinical symptoms',NULL),(832,'70-79','male','Shijiazhuang City','cough, fever',NULL),(833,'80-89','male','Cangzhou City','chest distress, dyspnea',NULL),(834,'80-89','male','San Ildefonso','myocardial infarction:pneumonia:multiple electrolyte imbalance',NULL),(835,'60-69','female','Quezon','acute respiratory disease',NULL),(836,'60-69','female','Quezon','acute respiratory distress:pneumonia',NULL),(837,'40-49','male','Harbin City','cough, expectoration, fever',NULL),(838,'50-59','male','Quezon','pneumonia',NULL),(839,'40-49','male','Antipolo','pneumonia',NULL),(840,'50-59','male','Caloocan','acute respiratory distress:pneumonia',NULL),(841,'40-49','male','Cabuyao','acute myocardial infarction',NULL),(842,'70-79','male','Quezon','acute respiratory failure:pneumonia',NULL),(843,'60-69','male','Quezon','acute respiratory distress syndrome:pneumonia',NULL),(844,'50-59','male','Paranaque','acute respiratory failure:pneumonia',NULL),(845,'50-59','male','San Juan','septic shock:pneumonia',NULL),(846,'80-89','female','Taytay','acute coronary syndrome:congestive heart failure:severe acute respiratory infection',NULL),(847,'60-69','male','Muntinlupa','acute respiratory failure:pneumonia:sepsis',NULL),(848,'70-79','male','Paranaque','acute respiratory distress syndrome:septic shock:pneumonia',NULL),(849,'60-69','female','Quezon','pneumonia',NULL),(850,'70-79','female','Quezon','acute respiratory failure:sepsis:pneumonia',NULL),(851,'80-89','female','Manila','pneumonia',NULL),(852,'70-79','female','Quezon','septic shock:pneumonia',NULL),(853,'60-69','male','Manila','acute respiratory failure:pneumonia',NULL),(854,'60-69','male','Mudanjiang City','cough, fatigue, fever, sputum',NULL),(855,'70-79','female','Makati','acute respiratory distress syndrome:pneumonia',NULL),(856,'50-59','male','Manila','cardiogenic shock:acute coronary syndrome:heart failure:pneumonia',NULL),(857,'80-89','female','Naic','acute respiratory failure:pneumonia:myocardial infarction',NULL),(858,'50-59','female','Chengdu City','fever',NULL),(859,'30-39','male','Chengdu City','fever',NULL),(860,'60-69','female','Pasig','acute kidney injury:septic shock:acute respiratory distress syndrome',NULL),(861,'30-39','male','Chengdu City','fever',NULL),(862,'50-59','male','Pasig','acute respiratory failure:pneumonia',NULL),(863,'40-49','male','Chengdu City','fever',NULL),(864,'70-79','female','Muntinlupa','acute respiratory distress syndrome:pneumonia:septic shock',NULL),(865,'40-49','female','Zigong City','fever',NULL),(866,'70-79','female','Taguig','arrhythmia:acute respiratory distress syndrome:pneumonia',NULL),(867,'70-79','male','Muntinlupa','acute respiratory failure',NULL),(868,'30-39','female','Zigong City','fever',NULL),(869,'80-89','male','Lambayong','acute respiratory failure:pneumonia',NULL),(870,'60-69','male','Manila','acute respiratory distress syndrome:pneumonia',NULL),(871,'40-49','male','Zigong City','fever',NULL),(872,'70-79','male','Manila','sepsis:pneumonia',NULL),(873,'80-89','female','Paranaque','acute respiratory distress:pneumonia',NULL),(874,'50-59','male','Bacolor','acute respiratory distress syndrome:pneumonia:acute respiratory failure',NULL),(875,'70-79','male','Quezon','acute respiratory failure:acute kidney injury',NULL),(876,'60-69','female','Zigong City','fever',NULL),(877,'40-49','male','Paranaque','acute respiratory failure:myocardial dysfunction',NULL),(878,'70-79','male','Muntinlupa','acute respiratory distress syndrome:septic shock:pneumonia:gastritis:acute kidney injury',NULL),(879,'50-59','female','Zigong City','fever',NULL),(880,'60-69','male','San Juan','heart failure:pneumonia',NULL),(881,'60-69','male','Caloocan','heart failure:pneumonia',NULL),(882,'30-39','male','Luzhou City','fever',NULL),(883,'30-39','female','Mianyang City','fever',NULL),(884,'80-89','male','San Juan','pneumonia',NULL),(885,'60-69','male','Zhengzhou City','chest tightness, dyspnea, fever',NULL),(886,'70-79','male','Manila','acute respiratory distress syndrome',NULL),(887,'20-29','female','Suining City','fever',NULL),(888,'60-69','male','Quezon','pneumonia:congestive heart failure',NULL),(889,'80-89','male','Quezon','cardiac arrhythmia:pneumonia',NULL),(890,'80-89','male','Quezon','myocardial infarction:acute respiratory distress syndrome:pneumonia',NULL),(891,'40-49','male','Neijiang City','fever',NULL),(892,'10-19','male','Neijiang City','fever',NULL),(893,'30-39','male','Leshan City','fever',NULL),(894,'30-39','female','Nanchong City','fever',NULL),(895,'70-79','male','Quezon','pneumonia',NULL),(896,'20-29','male','Nanchong City','fever',NULL),(897,'50-59','female','Guang\'an City','fever',NULL),(898,'40-49','female','Ya\'an City','fever',NULL),(899,'70-79','male','Quezon','cardiopulmonary arrest; acute respiratory failure; pneumonia',NULL),(900,'50-59','male','Ganzi Prefecture','fever',NULL),(901,'70-79','male','Quezon','acute respiratory failure:pneumonia',NULL),(902,'40-49','male','Liangshan Prefecture','fever',NULL),(903,'70-79','male','Iloilo','acute respiratory distress syndrome:pneumonia',NULL),(904,'80-89','male','Paranaque','acute respiratory distress syndrome',NULL),(905,'60-69','female','Manila','acute respiratory distress syndrome:pneumonia',NULL),(906,'60-69','female','Quezon','acute respiratory distress syndrome:pneumonia',NULL),(907,'50-59','male','San Juan','arrhythmia:septic shock:acute respiratory disease syndrome: acute kidney injury',NULL),(908,'70-79','male','Pasig','acute respiratory failure:severe acute respiratory distress syndrome:pneumonia:septic shock',NULL),(909,'80-89','male','Caloocan','arrhythmia:sepsis:acute respiratory distress syndrome:pneumonia:acute kidney injury',NULL),(910,'30-39','male','Fengtai District','fever',NULL),(911,'60-69','male','Quezon','septic shock:pneumonia',NULL),(912,'50-59','male','Davao','acute respiratory distress syndrome:pneumonia:hypoxia',NULL),(913,'40-49','male','Davao','cardiopulmonary arrest: acute respiratory distress syndrome: pneumonia: hypoxia',NULL),(914,'60-69','male','Muntinlupa','acute respiratory distress syndrome:septic shock',NULL),(915,'70-79','male','Quezon','acute respiratory distress syndrome: pneumonia',NULL),(916,'30-39','male','Hong Kong','cough, fever',NULL),(917,'50-59','male','Hong Kong','fever',NULL),(918,'60-69','female','Hong Kong','fever',NULL),(919,'50-59','female','Changsha City','cough, fever',NULL),(920,'30-39','male','Haidian District','fever',NULL),(921,'30-39','male','Xi\'an City','pneumonitis',NULL),(922,'40-49','female','Baoji City','pneumonitis',NULL),(923,'20-29','male','Xi\'an City','pneumonitis',NULL),(924,'40-49','female','Baoji City','pneumonitis',NULL),(925,'50-59','male','Baoji City','pneumonitis',NULL),(926,'30-39','female','Weinan City','pneumonitis',NULL),(927,'30-39','male','Weinan City','pneumonitis',NULL),(928,'30-39','female','Shangluo City','pneumonitis',NULL),(929,'60-69','male','Hanzhong City','pneumonitis',NULL),(930,'70-79','male','Xi\'an City','pneumonitis',NULL),(931,'20-29','male','Ankang City','pneumonitis',NULL),(932,'30-39','female','Haidian District','respiratory symptoms',NULL),(933,'40-49','male','Shijingshan District','fever',NULL),(934,'30-39','male','Suzhou City','fever',NULL),(935,'40-49','male','Shijingshan District','fever',NULL),(936,'50-59','male','Dongxiang County, Fuzhou City','cough, fever',NULL),(937,'50-59','male','Xiangdong District, Pingxiang City','cough, fever',NULL),(938,'10-19','female','Tongzhou District','fever, respiratory symptoms',NULL),(939,'20-29','male','Ganzhou City','fever, weak',NULL),(940,'40-49','female','Ganzhou City','cough, fever',NULL),(941,'40-49','female','Changchun City','cough, fever',NULL),(942,'50-59','female','Xicheng District','fever, respiratory symptoms',NULL),(943,'30-39','male','Dalian City','cough, fever',NULL),(944,'40-49','male','Shenyang City','cough, fever, soreness',NULL),(945,'50-59','female','Shenyang City','pharynx',NULL),(946,'40-49','male','Chaoyang City','muscular soreness',NULL),(947,'50-59','female','Landmark Hotel','cough, sore throat',NULL),(948,'20-29','male','Zhongwei City','fever',NULL),(949,'40-49','male','Xicheng District','fever',NULL),(950,'20-29','male','Xi\'an City','fever',NULL),(951,'30-39','female','Xi\'an City','fever',NULL),(952,'40-49','male','Xianyang City','fever',NULL),(953,'30-39','male','Weihai City','fever',NULL),(954,'60-69','female','Linyi City','fever',NULL),(955,'60-69','male','Linyi City','fever',NULL),(956,'70-79','male','Hong Kong','diarrhea',NULL),(957,'40-49','male','Hong Kong','Sore throat, headache, runny nose and tiredness',NULL),(958,'40-49','male','Hong Kong','cough, fever',NULL),(959,'20-29','female','Chengdu City','fever',NULL),(960,'30-39','male','Seoul','cough',NULL),(961,'30-39','male','Chengdu City','fever',NULL),(962,'70-79','male','Hong Kong','fever',NULL),(963,'70-79','female','Hong Kong','fever',NULL),(964,'50-59','male','Chengdu City','cough, dyspnea, fever',NULL),(965,'40-49','male','Chengdu City','fever',NULL),(966,'30-39','male','Dazhou City','fatigue, fever',NULL),(967,'30-39','male','Mianyang City','chills, fever, muscle aches, other symptoms',NULL),(968,'10-19','male','Mianyang City','fatigue, muscle aches, sore throat',NULL),(969,'60-69','female','Tianjin City','cough, fever',NULL),(970,'50-59','male','Tianjin City','cough, fever',NULL),(971,'20-29','female','Tianjin City','fever',NULL),(972,'40-49','male','Urumqi City','fever, sore muscle, weakness',NULL),(973,'50-59','male','Urumqi City','fever, sore muscle, weakness',NULL),(974,'50-59','male','Kunming City','fatigue, fever',NULL),(975,'50-59','male','Kunming City','cough, fever',NULL),(976,'30-39','female','Xishuangbanna Prefecture','systemic weakness, runny nose, fever',NULL),(977,'30-39','male','Lanzhou City','fever',NULL),(978,'40-49','male','Wenzhou City','fever',NULL),(979,'40-49','male','Wenzhou City','fever',NULL),(980,'30-39','female','Hong Kong','cough',NULL),(981,'70-79','male','Hong Kong','cough, dyspnea',NULL),(982,'30-39','male','Hong Kong','cough, fever',NULL),(983,'20-29','female','Lujiang County, Hefei City','cough, fever',NULL),(984,'30-39','male','Yaohai District, Hefei City','fever, pharyngeal discomfort',NULL),(985,'50-59','female','Lujiang County, Hefei City','chills, headache, fever',NULL),(986,'40-49','female','Feidong County, Hefei City','fever, sore throat, sputum',NULL),(987,'20-29','female','Changfeng County, Hefei City','cough, fever',NULL),(988,'30-39','male','Hefei City','fever',NULL),(989,'30-39','male','Hefei City','physical discomfort',NULL),(990,'30-39','male','Chengguan District, Lanzhou City','discomfort',NULL),(991,'60-69','female','Chengguan District, Lanzhou City','weakness',NULL),(992,'30-39','male','Weiyuan County, Dingxi City','fever',NULL),(993,'60-69','male','Gannan Prefecture','fever; cough',NULL),(994,'40-49','male','Dalad Banner, Ordos City','chest tightness, fever, nausea',NULL),(995,'20-29','male','Jung','fever; headache; phlegm',NULL),(996,'70-79','male','Ho Chi Minh City','respiratory symptoms',NULL),(997,'20-29','female','Hotel Ton Dan Street, Nha Trang','cough, fever',NULL),(998,'40-49','male','Manila','cough, sore throat',NULL),(999,'20-29','male','Seoul','cough, fever',NULL),(1000,'60-69','female','Gunsan','cough, fever, muscle ache',NULL),(1001,'40-49','female','Changi Airport','fever',NULL),(1002,'80-89','male','New Territories','cough, fever',NULL),(1003,'20-29','female','Fuyang City','fever',NULL),(1004,'40-49','male','Fuyang City','fever',NULL),(1005,'20-29','male','Fuyang City','fever, sore throat',NULL),(1006,'50-59','male','Bozhou City','fever, muscular soreness, rigor',NULL),(1007,'30-39','male','Bozhou City','chills, diarrhea, dyspnea, headache, lack of energy, muscle pain',NULL),(1008,'50-59','male','Bozhou City','cough, fever',NULL),(1009,'20-29','male','Chengguan District, Lanzhou City','cough, fever',NULL),(1010,'70-79','female','Xigu District, Lanzhou City','fever',NULL),(1011,'40-49','male','Xigu District, Lanzhou City','cough, fever, sputum',NULL),(1012,'30-39','male','Ningxian County, Qingyang City','cough, fever',NULL),(1013,'30-39','female','Linxia City, Linxia Prefecture','cough, fever',NULL),(1014,'60-69','female','Maiji District, Tianshui City','cough, sputum',NULL),(1015,'50-59','male','Maiji District, Tianshui City','cough, sore throat, sputum',NULL),(1016,'30-39','female','Maiji District, Tianshui City','fever',NULL),(1017,'40-49','female','Qinzhou District, Tianshui City','chills, fatigue',NULL),(1018,'60-69','male','Bozhou City','cough, fatigue, fever',NULL),(1019,'30-39','male','Bozhou City','fever',NULL),(1020,'70-79','female','Block 1, Site 11, Whampao Garden','cough',NULL),(1021,'20-29','female','Bozhou City','fever, pharyngalgia',NULL),(1022,'40-49','male','Fangchenggang City','fever; dry cough; fatigue',NULL),(1023,'50-59','female','Saerom-dong','fever; muscle aches; chills',NULL),(1024,'40-49','female','Areum-dong','sore throat; headache',NULL),(1025,'50-59','male','Hansol-dong','chills; abdominal pain',NULL),(1026,'10-19','female','Bangok-dong','sore throat, fever',NULL),(1027,'40-49','female','Eun-dong','fever; cough; sore throat',NULL),(1028,'50-59','male','Areum-dong','cough; sore throat; body aches',NULL),(1029,'40-49','male','Ankang City','lesions on chest radiographs',NULL),(1030,'40-49','female','Tianjin City','fever',NULL),(1031,'60-69','female','Tianjin City','fever',NULL),(1032,'30-39','female','Tianjin City','cough, fever',NULL),(1033,'30-39','female','Tianjin City','fever',NULL),(1034,'40-49','female','Tianjin City','cough, fever',NULL),(1035,'40-49','male','Tianjin City','fever',NULL),(1036,'30-39','female','Xining City','fever',NULL),(1037,'40-49','female','Xining City','chest tightness',NULL),(1038,'40-49','female','Chonnam National University Hospital','cough, fever, runny nose',NULL),(1039,'20-29','female','Singapore General Hospital','fever, sore throat',NULL),(1040,'20-29','male','Tianjin City','fever',NULL),(1041,'60-69','female','Tianjin City','fever',NULL),(1042,'90-99','male','Tianjin City','cough, fever',NULL),(1043,'60-69','male','Tianjin City','fever',NULL),(1044,'30-39','male','Xianyang City','fever',NULL),(1045,'20-29','male','To Kwa Wan','cough, diarrhoea, runny nose',NULL),(1046,'40-49','female','Wushan County','fatigue, fever',NULL),(1047,'60-69','female','Baodi District','cough, fever, eventually showed acute left heart failure and acute coronary syndrome',NULL),(1048,'50-59','female','Baodi District','cough, high fever, myalgia',NULL),(1049,'60-69','male','Baodi District','fever, myalgia',NULL),(1050,'40-49','female','Son Loi commune, Binh Xuyen District','cough',NULL),(1051,'10-19','female','Binh Xuyen District','cough, fever',NULL),(1052,'60-69','female','Kowloon','cough, fever, shortness of breath',NULL),(1053,'60-69','male','Chengguan District, Lanzhou City','fatigue',NULL),(1054,'50-59','female','Fangchenggang City','fever;sore throat; fatigue; diarrhea',NULL),(1055,'60-69','male','Fangchenggang City','fever; fatigue',NULL),(1056,'60-69','female','Fangchenggang City','fever; sore throat;fatigue;vomiting',NULL),(1057,'40-49','female','Fangchenggang City','cough',NULL),(1058,'50-59','female','Haibowan District, Wuhai City','fever',NULL),(1059,'50-59','female','Feixi County, Hefei City','chest tightness, fever',NULL),(1060,'40-49','female','Yaohai District, Hefei City','fever, joint pain, muscle soreness',NULL),(1061,'40-49','female','Xinzhan District, Hefei City','fever',NULL),(1062,'30-39','male','Shushan District, Hefei City','fever',NULL),(1063,'20-29','male','Shushan District, Hefei City','fever',NULL),(1064,'50-59','male','Lujiang County, Hefei City','cough, fever',NULL),(1065,'30-39','male','Luyang District, Hefei City','chills, fever',NULL),(1066,'20-29','female','Xinzhan District, Hefei City','cough, fever',NULL),(1067,'70-79','female','Xinzhan District, Hefei City','chest pain, nasal congestion',NULL),(1068,'30-39','female','Xinzhan District, Hefei City','cough, muscle soreness, sweating',NULL),(1069,'30-39','male','Luyang District, Hefei City','cough, fever',NULL),(1070,'40-49','female','Fuyang City','fever',NULL),(1071,'40-49','male','National Centre for Infectious Diseases','fever',NULL),(1072,'20-29','female','Qujing City','fever',NULL),(1073,'60-69','female','Xi\'an City','pneumonitis',NULL),(1074,'20-29','male','Ankang City','pneumonia',NULL),(1075,'40-49','male','Ankang City','pneumonia',NULL),(1076,'40-49','male','Urumqi City','fever',NULL),(1077,'50-59','female','Yanliang District, Xi\'an City','pneumonitis',NULL),(1078,'60-69','male','Lam Tin','fever, myalgia, shortness of breath',NULL),(1079,'60-69','female','Lingao County','cough, discomfort, fever, other symptoms',NULL),(1080,'40-49','male','Narita Airport','fever, pneumonia, sore throat',NULL),(1081,'60-69','female','Kuala Lumpur','asymptomatic',NULL),(1082,'20-29','male','Kuala Lumpur','asymptomatic',NULL),(1083,'10-19','male','Kuala Lumpur','asymptomatic',NULL),(1084,'30-39','male','Kathmandu','cough, fever, shortness of breath',NULL),(1085,'60-69','male','Singapore General Hospital','cough, fever',NULL),(1086,'50-59','female','National Centre for Infectious Diseases','cough, fever',NULL),(1087,'30-39','female','Incheon Airport','cough, fever',NULL),(1088,'50-59','male','Gimpo Airport','fever',NULL),(1089,'50-59','female','Taoyuan International Airport','cough, fever, shortness breath',NULL),(1090,'60-69','female','Bangkok','chills, fever, headache, sore throat',NULL),(1091,'30-39','female','Bangkok','coughing, fever, muscle aches',NULL),(1092,'50-59','male','Bangkok','cough, fever, myalgia',NULL),(1093,'70-79','female','Hua Hin District','fever',NULL),(1094,'50-59','male','Seoul','chills, fever',NULL),(1095,'60-69','male','Zunyi City','nausea, vomiting',NULL),(1096,'60-69','female','Nagoya City','fever, headache',NULL),(1097,'60-69','male','Owariasahi City','fever',NULL),(1098,'60-69','male','Owariasahi City','fever, full body slump',NULL),(1099,'60-69','male','Owariasahi City','cough, fever',NULL),(1100,'50-59','female','Huainan City','fever',NULL),(1101,'40-49','female','Longxi County, Dingxi City','fever, cough',NULL),(1102,'20-29','female','Longxi County, Dingxi City','fever, cough',NULL),(1103,'30-39','male','Baiyin District, Baiyin City','fever, dry throat, sore throat',NULL),(1104,'20-29','male','Ningxian County, Qingyang City','fever; runny nose',NULL),(1105,'50-59','female','Longxi County, Dingxi City','dry throat; sore throat; fatigue',NULL),(1106,'20-29','female','Longxi County, Dingxi City','headache; dry mouth',NULL),(1107,'30-39','female','Longxi County, Dingxi City','fever; dry mouth; throat discomfort',NULL),(1108,'20-29','male','Huating County, Pingliang City','fever',NULL),(1109,'50-59','female','Maiji District, Tianshui City','pharyngeal discomfort',NULL),(1110,'20-29','female','Huating County, Pingliang City','fever',NULL),(1111,'10-19','female','Huating County, Pingliang City','diarrhea',NULL),(1112,'40-49','female','Xigu District, Lanzhou City','cough; throat discomfort',NULL),(1113,'30-39','female','Huating County, Pingliang City','Pharyngeal dryness',NULL),(1114,'20-29','male','Zhuanglang County, Pingliang City','cough; sputum; fever',NULL),(1115,'20-29','female','Qingcheng County, Qingyang City','fever',NULL),(1116,'50-59','female','Gannan Prefecture','dry throat; dry cough',NULL),(1117,'30-39','female','Huating County, Pingliang City','chest pain, cough',NULL),(1118,'50-59','female','Hezuo City, Gannan Prefecture','cough, chest tightness, dry mouth',NULL),(1119,'50-59','male','Chengguan District, Lanzhou City','cough, fever',NULL),(1120,'60-69','male','Fangchenggang City','fever; cough; fatigue; nausea',NULL),(1121,'60-69','male','Fangchenggang City','fever; cough',NULL),(1122,'30-39','female','Fangchenggang City','fever; fatigue',NULL),(1123,'20-29','male','Liupanshui City','cough, fever',NULL),(1124,'20-29','male','Tianzhu County, Qiandongnan Prefecture','cough, fever, sputum',NULL),(1125,'30-39','male','Qianxinan Prefecture','cough, fever',NULL),(1126,'70-79','female','Seongnam-si','cough, fever, sore throat',NULL),(1127,'50-59','male','Tsing Yi','fever',NULL),(1128,'60-69','female','Quarry Bay','chills, cough, fever',NULL),(1129,'30-39','male','Wan Chai','fever',NULL),(1130,'50-59','male','Baotou City','cough, fever',NULL),(1131,'60-69','female','Tongliao City','cough, fatigue, fever',NULL),(1132,'40-49','male','Timisoara','asymptomatic, afebrile',NULL),(1133,'40-49','male','Bucharest','fever',NULL),(1134,'70-79','female','Buzau','fever, nausea, digestive discomfort',NULL),(1135,'60-69','male','Bucharest','aggressive pulmonary symptomatology',NULL),(1136,'10-19','male','Timisoara','asymptomatic',NULL),(1137,'70-79','male','Suceava','fever, chills',NULL),(1138,'50-59','male','Olt','asymptomatic',NULL),(1139,'40-49','male','Hunedoara','fever',NULL),(1140,'60-69','male','Buenos Aires','fever, cough, sore throat',NULL),(1141,'60-69','female','Nassau','fever, cough',NULL),(1142,'60-69','female','San Carlos','fever, general weakness',NULL),(1143,'30-39','male','Porongo','headache, general weakness, runny nose, mialgia',NULL),(1144,'60-69','male','Sao Paulo','fever, cough, running nose',NULL),(1145,'30-39','male','Sao Paulo','fever, cough, sore throat, mialgia, headache',NULL),(1146,'10-19','female','Sao Paulo','Asymptomatic',NULL),(1147,'30-39','female','Sao Paulo','Contact of hCoV-19/Brazil/SPBR-01/2020',NULL),(1148,'60-69','female','Sao Paulo','Contact of hCoV-19/Brazil/SPBR-01/2020',NULL),(1149,'20-29','female','Barra Mansa','fever, cough, nasal congestion, conjuntivitis',NULL),(1150,'50-59','female','Brasilia','acute respiratory syndrome',NULL),(1151,'40-49','female','Feira de Santana','asymptomatic?',NULL),(1152,'40-49','female','Rio de Janeiro','fever, cough, nasal congestion',NULL),(1153,'40-49','female','Divinopolis','Rhinorrhea, pain and unwellness',NULL),(1154,'40-49','male','Maceio','Rhinorrhea, cough and fever',NULL),(1155,'20-29','male','Niteroi','fever, cough and milagia, between others',NULL),(1156,'40-49','male','Rio de Janeiro','fever, cough and milagia, between others',NULL),(1157,'70-79','male','Rio de Janeiro','fever, cough and milagia, between others',NULL),(1158,'50-59','female','Rio de Janeiro','fever, cough and milagia, between others',NULL),(1159,'60-69','female','Rio de Janeiro','fever, cough and milagia, between others',NULL),(1160,'70-79','male','Rio de Janeiro','cough, fever',NULL),(1161,'60-69','female','Rio de Janeiro','cough, fever',NULL),(1162,'60-69','female','Recife, Boa Viagem','cough, fever, respiratory problems',NULL),(1163,'70-79','male','Recife, Boa Viagem','cough, fever, respiratory problems',NULL),(1164,'30-39','female','Ferraz de Vasconcelos, Vila Solar','fever, respiratory problems (lungs)',NULL),(1165,'30-39','female','Ipatinga','fever, cough and sore throath',NULL),(1166,'20-29','female','Sao Jose do Rio Preto','oligosymptomatic',NULL),(1167,'50-59','male','Joinville','fever, body ache, sore throat, headache',NULL),(1168,'30-39','female','Guarulhos','asymptomatic',NULL),(1169,'40-49','male','Sao Jose do Rio Preto','fever, myalgia, headache',NULL),(1170,'60-69','female','Anapolis','asymptomatic',NULL),(1171,'40-49','male','Prado','febre, tosse, e sintomas respiratÔÇÜ├á├ÂÔÇÜ├óÔÇórios moderados',NULL),(1172,'60-69','male','Campo Bom','fever, cough',NULL),(1173,'60-69','male','Rio de Janeiro','fever, cough, myalgia',NULL),(1174,'20-29','female','Antigua Guatemala','chest pain, respiratory distress, fever, dysphagia, asthenia, weakness, fatigue',NULL),(1175,'50-59','female','East Coast Demerara','severe, kidney failure and hypertension',NULL),(1176,'50-59','female','Porto Alegre','fever, cough, body ache, mialgia',NULL),(1177,'10-19','female','Porto Alegre','fever, cough, coriza, sore throath, headache, general weakness',NULL),(1178,'60-69','male','Porto Alegre','cough, fever',NULL),(1179,'20-29','male','Buenos Aires','fever, cough and general malaise',NULL),(1180,'20-29','female','Puerto Montt','Mild resipiratory symptoms, then on March 4 had feverish symptoms',NULL),(1181,'80-89','female','Santiago','Mild respiratory symptoms',NULL),(1182,'30-39','male','Talca','Mild respiratory symptoms',NULL),(1183,'30-39','male','San Javier','fever, cough, headache',NULL),(1184,'10-19','female','Vitacura','Asymptomatic',NULL),(1185,'10-19','female','Vitacura','Asymptomatic',NULL),(1186,'70-79','male','Trinidad','Respiratory symptoms',NULL),(1187,'30-39','female','Cardenas','respiratory symptoms',NULL),(1188,'50-59','male','Banes','respiratory symptoms',NULL),(1189,'90-99','female','Plaza de la Revolucion','mild respiratory symptoms',NULL),(1190,'40-49','male','Mariel','catarrhal symptoms',NULL),(1191,'50-59','male','Arroyo Naranjo','catarrhal symptoms',NULL),(1192,'50-59','female','Arroyo Naranjo','catarrhal symptoms',NULL),(1193,'70-79','male','Arenas Doradas','respiratory symptoms',NULL),(1194,'50-59','female','Habana Vieja','catarrhal symptoms',NULL),(1195,'30-39','female','Matanzas','respiratory symptoms',NULL),(1196,'40-49','male','Matanzas','respiratory symptoms',NULL),(1197,'30-39','female','Cardenas','respiratory symptoms',NULL),(1198,'70-79','female','Pinar del Rio','respiratory symptoms',NULL),(1199,'60-69','male','Baragu├í','Respiratory',NULL),(1200,'50-59','male','Songo la Maya','Respiratory',NULL),(1201,'60-69','male','Venezuela','severe respiratory failure',NULL),(1202,'40-49','male','Mariel Special Zone','respiratory',NULL),(1203,'60-69','female','Old Havana','asymptomatic',NULL),(1204,'60-69','female','Diez de Octubre','asymptomatic',NULL),(1205,'20-29','male','Cerro','respiratory',NULL),(1206,'30-39','female','Cumanayagua','asymptomatic',NULL),(1207,'20-29','male','Cumanayagua','asymptomatic',NULL),(1208,'30-39','female','Cienfuegos','asymptomatic',NULL),(1209,'40-49','male','Camilo Cienfuegos Community of Consolaci├│n del Sur','asymptomatic',NULL),(1210,'70-79','male','Camilo Cienfuegos Community of Consolaci├│n del Sur','asymptomatic',NULL),(1211,'30-39','male','Mariel Special Zone','asymptomatic',NULL),(1212,'30-39','male','Diez de Octubre','asymptomatic',NULL),(1213,'50-59','male','Marianao','asymptomatic',NULL),(1214,'20-29','female','Plaza de la Revoluci├│n','asymptomatic',NULL),(1215,'20-29','female','Cotorro','asymptomatic',NULL),(1216,'70-79','female','Venezuela','asymptomatic',NULL),(1217,'20-29','female','Holgu├¡n','asymptomatic',NULL),(1218,'60-69','male','Holgu├¡n','asymptomatic',NULL),(1219,'40-49','male','Holgu├¡n','asymptomatic',NULL),(1220,'60-69','female','Plaza','pnuemonia',NULL),(1221,'40-49','female','Playa','Pneumonia',NULL),(1222,'60-69','male','Matanzas','asymptomatic',NULL),(1223,'70-79','female','Matanzas','asymptomatic',NULL),(1224,'70-79','female','Matanzas','asymptomatic',NULL),(1225,'50-59','female','Matanzas','asymptomatic',NULL),(1226,'70-79','male','Isla de la Juventud Special','respiratory difficult breathing died same day',NULL),(1227,'30-39','male','Habana Vieja','torpid evolution with respiratory distress and severe bronchopneumonia',NULL),(1228,'80-89','female','Diez de Octubre','Respiratory & Pnuemonia-died 6/4/2020',NULL),(1229,'20-29','female','Cotorro','asymptomatic',NULL),(1230,'50-59','male','Trinidad','Pnuemonia',NULL),(1231,'80-89','male','Habana del Este','kidney failure',NULL),(1232,'10-19','male','Summit County','mild',NULL),(1233,'10-19','male','Summit County','mild',NULL),(1234,'20-29','female','Toronto','cough',NULL),(1235,'20-29','male','Boston','runny nose',NULL),(1236,'70-79','male','San Juan','cough, fever, difficulty breathing',NULL),(1237,'60-69','female','Toronto','cough, sore throat, body aches, fever',NULL),(1238,'30-39','female','Richmond Hill','dry cough, runny nose, shortness of breath, headache',NULL),(1239,'50-59','female','Ajax','cough, body aches, chills',NULL),(1240,'60-69','male','Ajax','cough',NULL),(1241,'30-39','male','Snohomish County','cough, fever, nausea',NULL),(1242,'60-69','male','Toronto','cough',NULL),(1243,'30-39','female','New York City','mild',NULL);
/*!40000 ALTER TABLE `confirmed` ENABLE KEYS */;
UNLOCK TABLES;

--
-- Table structure for table `reported`
--

DROP TABLE IF EXISTS `reported`;
/*!40101 SET @saved_cs_client     = @@character_set_client */;
/*!50503 SET character_set_client = utf8mb4 */;
CREATE TABLE `reported` (
  `userID` int NOT NULL,
  `temperature` decimal(4,1) NOT NULL,
  `placesVisited` varchar(50) NOT NULL,
  `testResult` varchar(8) NOT NULL,
  `symptoms` varchar(200) NOT NULL,
  `reportDate` date NOT NULL,
  PRIMARY KEY (`userID`,`reportDate`)
) ENGINE=InnoDB DEFAULT CHARSET=utf8mb4 COLLATE=utf8mb4_0900_ai_ci;
/*!40101 SET character_set_client = @saved_cs_client */;

--
-- Dumping data for table `reported`
--

LOCK TABLES `reported` WRITE;
/*!40000 ALTER TABLE `reported` DISABLE KEYS */;
INSERT INTO `reported` VALUES (1,38.4,'Bookstore','Unknown','Headache,Diarrhea','2020-06-16'),(2,36.9,'ECE building','Unknown','Shortness of breath,Cough','2020-05-10'),(2,39.1,'Illini Hall','Unknown','Shortness of breath,Cough','2020-05-13'),(2,40.5,'Illini Hall','Unknown','Shortness of breath,Cough','2020-06-14'),(2,40.7,'Altgeld Hall','Unknown','Shortness of breath,Cough','2020-06-16'),(2,39.9,'Illini Union','Unknown','Shortness of breath,Cough','2020-07-13'),(2,39.6,'Illini Union','Unknown','Shortness of breath,Cough','2020-07-17'),(3,37.1,'Bookstore','Negative','Cough,Fatigue','2020-05-12'),(3,36.4,'Altgeld Hall','Negative','Cough,Fatigue','2020-05-14'),(3,38.7,'Altgeld Hall','Negative','Cough,Fatigue','2020-05-17'),(3,39.1,'Illini Union','Negative','Cough,Fatigue','2020-06-12'),(3,36.5,'ECE building','Negative','Cough,Fatigue','2020-07-10'),(3,37.1,'Illini Union','Negative','Cough,Fatigue','2020-07-15'),(4,40.2,'Illini Hall','Negative','Diarrhea,Headache','2020-05-12'),(4,38.9,'Altgeld Hall','Negative','Diarrhea,Headache','2020-06-17'),(4,39.5,'Grainger','Negative','Diarrhea,Headache','2020-07-12'),(4,39.7,'Illini Hall','Negative','Diarrhea,Headache','2020-07-15'),(4,39.5,'Altgeld Hall','Negative','Diarrhea,Headache','2020-07-16'),(4,38.0,'ECE building','Negative','Diarrhea,Headache','2020-07-18'),(5,40.2,'Bookstore','Unknown','Cough,Diarrhea','2020-05-11'),(5,40.8,'Illini Union','Unknown','Cough,Diarrhea','2020-05-12'),(5,36.8,'Grainger','Unknown','Cough,Diarrhea','2020-06-10'),(5,37.1,'Grainger','Unknown','Cough,Diarrhea','2020-06-11'),(5,39.6,'Illini Union','Unknown','Cough,Diarrhea','2020-06-14'),(5,36.1,'Illini Union','Unknown','Cough,Diarrhea','2020-06-15'),(5,39.8,'Illini Hall','Unknown','Cough,Diarrhea','2020-06-17'),(5,39.8,'Illini Union','Unknown','Cough,Diarrhea','2020-07-11'),(6,40.9,'Bookstore','Negative','Diarrhea,Shortness of breath,Fatigue','2020-05-12'),(6,36.3,'Illini Union','Negative','Diarrhea,Shortness of breath,Fatigue','2020-07-15'),(7,38.3,'Grainger','Positive','Fatigue,Shortness of breath,Headache,Diarrhea','2020-05-10'),(7,39.1,'Illini Hall','Positive','Fatigue,Shortness of breath,Headache,Diarrhea','2020-05-14'),(7,38.1,'ECE building','Positive','Fatigue,Shortness of breath,Headache,Diarrhea','2020-06-12'),(7,40.5,'Altgeld Hall','Positive','Fatigue,Shortness of breath,Headache,Diarrhea','2020-06-18'),(7,38.9,'Grainger','Positive','Fatigue,Shortness of breath,Headache,Diarrhea','2020-07-10'),(7,40.2,'Illini Hall','Positive','Fatigue,Shortness of breath,Headache,Diarrhea','2020-07-11'),(7,40.4,'ECE building','Positive','Fatigue,Shortness of breath,Headache,Diarrhea','2020-07-16'),(7,36.4,'Illini Hall','Positive','Fatigue,Shortness of breath,Headache,Diarrhea','2020-07-19'),(8,36.1,'ECE building','Negative','Diarrhea','2020-05-10'),(8,40.9,'Illini Union','Negative','Diarrhea','2020-06-13'),(8,38.6,'Bookstore','Negative','Diarrhea','2020-07-13'),(9,40.9,'Bookstore','Negative','Fatigue,Diarrhea,Headache','2020-05-11'),(9,38.7,'Grainger','Negative','Fatigue,Diarrhea,Headache','2020-05-14'),(10,40.8,'Grainger','Unknown','Diarrhea,Headache,Fatigue','2020-05-13'),(13,40.1,'ECE building','Positive','Shortness of breath,Headache','2020-05-13'),(13,36.4,'Illini Union','Positive','Shortness of breath,Headache','2020-05-14'),(13,39.0,'ECE building','Positive','Shortness of breath,Headache','2020-06-14'),(13,40.2,'Illini Union','Positive','Shortness of breath,Headache','2020-07-17'),(14,40.0,'Grainger','Positive','Diarrhea','2020-05-16'),(14,40.9,'Illini Hall','Positive','Diarrhea','2020-05-18'),(14,39.9,'ECE building','Positive','Diarrhea','2020-07-12'),(14,36.6,'ECE building','Positive','Diarrhea','2020-07-17'),(15,37.1,'Grainger','Negative','Fatigue,Shortness of breath,Diarrhea','2020-05-14'),(15,40.7,'Illini Hall','Negative','Fatigue,Shortness of breath,Diarrhea','2020-06-13'),(16,37.9,'Bookstore','Positive','Shortness of breath','2020-06-18'),(17,40.6,'Grainger','Positive','Diarrhea','2020-05-12'),(17,39.7,'Bookstore','Positive','Diarrhea','2020-05-16'),(17,40.7,'Illini Hall','Positive','Diarrhea','2020-05-19'),(17,37.6,'Illini Union','Positive','Diarrhea','2020-06-10'),(17,39.4,'ECE building','Positive','Diarrhea','2020-06-13'),(17,40.6,'ECE building','Positive','Diarrhea','2020-06-15'),(17,36.7,'Altgeld Hall','Positive','Diarrhea','2020-06-16'),(17,36.4,'Bookstore','Positive','Diarrhea','2020-07-12'),(17,37.4,'Altgeld Hall','Positive','Diarrhea','2020-07-17'),(18,37.5,'Illini Hall','Unknown','Cough,Diarrhea','2020-06-18'),(18,37.9,'Illini Hall','Unknown','Cough,Diarrhea','2020-06-19'),(18,36.6,'ECE building','Unknown','Cough,Diarrhea','2020-07-17'),(18,36.1,'Grainger','Unknown','Cough,Diarrhea','2020-07-18'),(19,40.8,'ECE building','Negative','Diarrhea,Shortness of breath,Fatigue','2020-05-10'),(19,39.7,'Illini Union','Negative','Diarrhea,Shortness of breath,Fatigue','2020-05-14'),(19,37.2,'Illini Union','Negative','Diarrhea,Shortness of breath,Fatigue','2020-05-16'),(19,40.3,'Bookstore','Negative','Diarrhea,Shortness of breath,Fatigue','2020-06-11'),(19,37.7,'Altgeld Hall','Negative','Diarrhea,Shortness of breath,Fatigue','2020-06-13'),(19,38.4,'ECE building','Negative','Diarrhea,Shortness of breath,Fatigue','2020-06-14'),(19,38.4,'ECE building','Negative','Diarrhea,Shortness of breath,Fatigue','2020-07-10'),(19,37.0,'Illini Union','Negative','Diarrhea,Shortness of breath,Fatigue','2020-07-16');
/*!40000 ALTER TABLE `reported` ENABLE KEYS */;
UNLOCK TABLES;

--
-- Table structure for table `user`
--

DROP TABLE IF EXISTS `user`;
/*!40101 SET @saved_cs_client     = @@character_set_client */;
/*!50503 SET character_set_client = utf8mb4 */;
CREATE TABLE `user` (
  `userID` int NOT NULL AUTO_INCREMENT,
  `password` varchar(10) DEFAULT NULL,
  `userName` varchar(255) DEFAULT NULL,
  `gender` varchar(10) DEFAULT NULL,
  `department` varchar(255) DEFAULT NULL,
  `address` varchar(255) DEFAULT NULL,
  `healthState` varchar(20) DEFAULT NULL,
  PRIMARY KEY (`userID`)
) ENGINE=InnoDB DEFAULT CHARSET=utf8mb4 COLLATE=utf8mb4_0900_ai_ci;
/*!40101 SET character_set_client = @saved_cs_client */;

--
-- Dumping data for table `user`
--

LOCK TABLES `user` WRITE;
/*!40000 ALTER TABLE `user` DISABLE KEYS */;
INSERT INTO `user` VALUES (0,'pddrsk','offendedBustard0','Female','ECE','61825','Confirmed'),(1,'gqqszl','peskyBoars7','Male','Algricuture','61820','Confirmed'),(2,'dssgsw','goofySeahorse5','Male','Chemical','61802','Healthy'),(3,'polvab','panickySnail7','Female','ME','61801','Confirmed'),(4,'zrnxfk','vengefulGelding9','Male','Literature','61821','Healthy'),(5,'jxxiuc','alertGatorade5','Male','Literature','61824','Suspicious'),(6,'qocjtc','goofyCheese1','Male','Chemical','61820','Healthy'),(7,'jovdck','culturedOwl1','Female','Literature','61821','Healthy'),(8,'cypclf','boredPiglet1','Female','ME','61820','Healthy'),(9,'pzxtjy','empathicBuzzard5','Female','Literature','61825','Confirmed'),(10,'aygsyo','amazedLion2','Female','Accounting','61824','Confirmed'),(11,'kdhhjx','fondLollies7','Female','ECE','61820','Suspicious'),(12,'hnxoax','dejectedIguana5','Female','ME','61803','Confirmed'),(13,'jimrbi','contentPonie0','Female','Accounting','61822','Healthy'),(14,'lqyahx','ferventBasmati2','Female','CS','61801','Suspicious'),(15,'woapai','ferventEggs3','Female','STAT','61821','Confirmed'),(16,'evelxq','amusedLeopard0','Female','Algricuture','61820','Suspicious'),(17,'fgrhun','enragedTacos5','Female','ECE','61824','Confirmed'),(18,'thaghg','jealousMackerel3','Female','STAT','61824','Healthy'),(19,'eoukww','forsakenShads5','Male','STAT','61803','Suspicious'),(20,'imcrvd','finickyPoultry5','Male','Bioengineering','61821','Healthy'),(21,'wjmlip','somberMagpie3','Male','STAT','61825','Confirmed'),(22,'hlxotn','pridefulMagpie2','Male','Bioengineering','61802','Suspicious'),(23,'ysszav','pleasedSeahorse5','Female','ECE','61824','Healthy'),(24,'uvwguf','culturedLlama5','Female','Chemical','61821','Suspicious'),(25,'fsvkii','decimalFerret4','Female','Literature','61822','Confirmed'),(26,'lhsasu','culturedEagle9','Male','CS','61822','Healthy'),(27,'ghctlq','peacefulPepper3','Male','Algricuture','61825','Confirmed'),(28,'lcmubj','selfishAbalone1','Male','Accounting','61821','Confirmed'),(29,'bgdzzy','peskyGranola1','Male','Bioengineering','61801','Confirmed'),(30,'kzhtct','soreCoati4','Female','ME','61820','Confirmed'),(31,'adfuda','puzzledRhino1','Male','Bioengineering','61802','Healthy'),(32,'upiodd','emptySardines9','Male','ME','61803','Healthy'),(33,'sjbcls','morbidRuffs1','Female','CS','61803','Healthy'),(34,'cqsblj','panickyIguana5','Female','Accounting','61820','Suspicious'),(35,'bsvlcz','brainyThrush2','Male','ECE','61820','Suspicious'),(36,'tqahen','exactingCake4','Male','ME','61824','Suspicious'),(37,'hdxelw','superiorAbalone9','Female','Chemical','61821','Healthy'),(38,'thfkmo','alertSardines5','Female','STAT','61803','Healthy'),(39,'bkbrdq','abjectSnail8','Male','ECE','61822','Healthy'),(40,'oykpwy','empathicRice2','Male','STAT','61825','Suspicious'),(41,'fjedbp','ecstaticLizard4','Female','Algricuture','61824','Suspicious'),(42,'gnxawg','sugaryIcecream7','Male','CS','61821','Confirmed'),(43,'qpchrp','lazyMussel1','Male','STAT','61824','Suspicious'),(44,'ihhzfj','pacifiedSeagull4','Female','STAT','61820','Suspicious'),(45,'tonjem','worriedWigeon8','Male','Literature','61803','Healthy'),(46,'ilourd','forsakenSeahorse7','Female','Accounting','61801','Suspicious'),(47,'todgcm','outlyingDingo8','Female','Algricuture','61824','Confirmed'),(48,'ctnuik','goofySwift8','Female','Chemical','61801','Healthy'),(49,'rxnpud','vengefulTeal8','Female','ECE','61803','Confirmed'),(50,'ufahya','grumpyBittern1','Female','STAT','61822','Suspicious'),(51,'ladbwk','decimalLard1','Male','Accounting','61824','Confirmed'),(52,'hdkuav','culturedEagle5','Female','ME','61801','Suspicious'),(53,'thvjfw','exactingRice5','Male','Bioengineering','61824','Confirmed'),(54,'pzahdu','empathicBoa0','Male','Algricuture','61820','Confirmed'),(55,'vbzivi','boastfulMuesli1','Female','Chemical','61824','Confirmed'),(56,'aalxao','importedBobolink1','Male','Algricuture','61801','Confirmed'),(57,'vykvrz','worldlyBurritos1','Female','ME','61825','Confirmed'),(58,'lxkswf','jumpyMandrill3','Female','Bioengineering','61821','Confirmed'),(59,'khwscb','spiritedMuesli7','Male','ECE','61820','Healthy'),(60,'fkdkkc','gutturalWhiting6','Female','Algricuture','61821','Healthy'),(61,'tvepdk','alertPretzels8','Male','Bioengineering','61825','Confirmed'),(62,'uuejsn','enragedOwl2','Male','Accounting','61801','Suspicious'),(63,'faqygb','similarMussel5','Female','STAT','61822','Confirmed'),(64,'idhqjr','grizzledSmelt7','Female','Chemical','61820','Suspicious'),(65,'vglwme','anxiousWigeon1','Female','ECE','61820','Confirmed'),(66,'eihtqz','resolvedChile4','Female','Accounting','61824','Suspicious'),(67,'sqbvtc','pacifiedTomatoe9','Male','STAT','61824','Healthy'),(68,'mljler','pluckyHeron7','Male','Chemical','61822','Confirmed'),(69,'qfngor','empathicLlama0','Female','Algricuture','61825','Confirmed'),(70,'erbjta','excitedLard3','Female','Chemical','61825','Confirmed'),(71,'hmtknn','scornfulPaella7','Male','CS','61825','Confirmed'),(72,'maibmh','needfulSyrup2','Female','Accounting','61824','Confirmed'),(73,'evrpvb','exactingDotterel4','Male','CS','61803','Suspicious'),(74,'tkuxuw','yearningIguana6','Male','Chemical','61821','Confirmed'),(75,'klamcv','superiorRhino8','Female','CS','61824','Healthy'),(76,'jofwuh','pluckyAntelope8','Female','STAT','61824','Confirmed'),(77,'vruyru','sadDingo4','Female','STAT','61825','Healthy'),(78,'gxipkn','enragedIcecream9','Male','ME','61820','Suspicious'),(79,'wvynmz','finickyTomatoe6','Female','Literature','61825','Healthy'),(80,'brwduv','contentUnicorn9','Female','Bioengineering','61825','Confirmed'),(81,'rrukvk','zestyCur4','Female','CS','61801','Suspicious'),(82,'actwdl','chicCaribou5','Female','ME','61824','Confirmed'),(83,'utgulv','humorousPup0','Male','ME','61825','Healthy'),(84,'jjbdyf','sadBoars2','Female','Chemical','61803','Suspicious'),(85,'kavela','jubilantLapwing8','Female','STAT','61821','Suspicious'),(86,'esprte','anxiousPup6','Female','Literature','61820','Suspicious'),(87,'jbgtgv','outlyingRice6','Female','ME','61822','Healthy'),(88,'ctpojd','finickyCur1','Female','Literature','61801','Healthy'),(89,'govevs','sheepishBaboon7','Female','Literature','61803','Confirmed'),(90,'eonvzk','peskyRat4','Male','ECE','61824','Healthy'),(91,'yuloky','mereChile0','Male','STAT','61802','Suspicious'),(92,'uqhdqr','jealousBoa0','Female','ME','61801','Confirmed'),(93,'rudxlj','excitedCheetah8','Male','ECE','61820','Suspicious'),(94,'rnslkx','wearyGnu3','Female','Bioengineering','61803','Healthy'),(95,'hocoan','betrayedCod7','Male','ME','61802','Healthy'),(96,'jytmmg','puzzledRelish8','Female','STAT','61825','Healthy'),(97,'sfutxy','guiltyPear6','Male','Chemical','61801','Suspicious'),(98,'zrmlrz','stressedCheetah3','Male','Literature','61802','Suspicious'),(99,'cvgkuo','thriftyHyena9','Female','Chemical','61802','Suspicious');
/*!40000 ALTER TABLE `user` ENABLE KEYS */;
UNLOCK TABLES;
/*!40103 SET TIME_ZONE=@OLD_TIME_ZONE */;

/*!40101 SET SQL_MODE=@OLD_SQL_MODE */;
/*!40014 SET FOREIGN_KEY_CHECKS=@OLD_FOREIGN_KEY_CHECKS */;
/*!40014 SET UNIQUE_CHECKS=@OLD_UNIQUE_CHECKS */;
/*!40101 SET CHARACTER_SET_CLIENT=@OLD_CHARACTER_SET_CLIENT */;
/*!40101 SET CHARACTER_SET_RESULTS=@OLD_CHARACTER_SET_RESULTS */;
/*!40101 SET COLLATION_CONNECTION=@OLD_COLLATION_CONNECTION */;
/*!40111 SET SQL_NOTES=@OLD_SQL_NOTES */;

-- Dump completed on 2020-07-23 15:36:42
